HMDB_ID,B,Endo,Mast,Epi,T,pDC,NK,Fibro,Oligo,Myeloid
HMDB0000002,0.218680722475228,0.197342634676279,0.171119345234743,0.25842305936109,0.224731776957551,0.256962842830498,0.187164845758038,0.0886257860151174,0.421965087165929,0.152256305241288
HMDB0000005,0.147425623784101,0.185359438203715,0.273913912568614,0.398967088754406,0.347933093001898,0.24802486527999,0.247283752456366,0.331434054613661,0.217245937796981,0.338562243253224
HMDB0000010,0.128518122337896,0.53433574756962,0.297146242075047,0.688653895543179,0.189541820921777,0.678389558888923,0.236818549866407,0.63513704065243,0.887130758453101,0.926740012878963
HMDB0000015,0,0.000665667915874632,0,0.00543530415862552,9.39729173600277e-05,0,0.000261214544383263,0.00297682227798212,0.0034229802329063,0
HMDB0000016,0,0.000665667915874632,0,0.00543530415862552,9.39729173600277e-05,0,0.000261214544383263,0.00297682227798212,0.0034229802329063,0
HMDB0000017,0,0,0,0.00176385590186376,0.000210685734322047,0,0,0.175162107853655,0.00293176901765204,7.05427513078273e-05
HMDB0000019,0.00721721040010881,0.0505600156266727,0.00972649353579404,0.106621182116274,0.00620066394191212,0.0580665149772434,-0.00612447433999876,0.0513527479141256,0.147703050212118,0.118408497961591
HMDB0000020,-0.00614158316823926,-0.00882912782604381,0.0147528061989333,0.0481626637478161,-0.00304359578360137,-0.00152065055971648,-0.00896087909786657,0.0317459681827321,0.0153692961233451,0.042110512135004
HMDB0000022,0.12778789108926,0.3314947381778,-0.204430401142115,0.559027689131071,0.186106007041809,0.677300077643775,0.234437098853557,0.499628478988792,0.860535735013636,0.921261569877933
HMDB0000023,0.0577327435259643,0.151126257172731,0.0547714791079916,0.0459546858793856,0.041459311367754,0.0652443095706576,0.0517557377984191,0.0589991526463522,0.122976059626758,-0.00283624554850247
HMDB0000027,0.0457673187455243,0.134856113729066,0.148534287446257,0.176943345960413,0.0858343348575244,0.361135041769876,0.0690578245754119,0.165950600263941,2.14992281018659,0.185539658746282
HMDB0000030,0.0143753601304402,0.0682248850494167,0.0308255662876542,-0.00669372536728572,0.0345984279178254,0.0278907344852556,0.023593021445257,0.0311611221100515,-0.0334584763548955,0.0233688321393816
HMDB0000032,0.0124671858166693,0.0418011063355659,0.0186624016288157,0.316922580017401,0.0299788991585756,0.0151868850141642,0.0320268666540047,0.0474598547602258,0.298079199310563,0.0543914295283601
HMDB0000033,0.0153640570746339,0.00371915846297396,0.000328365472019564,0.00399702905285213,0.0073024591717773,0.0126999677256696,0.0233942669935371,0.00575467594608211,1.09581362858371,0.00110186055272121
HMDB0000034,0.246374994648093,0.270479211625677,0.242293682977459,0.347833295439845,0.334243659432937,0.368332232875105,0.295669119026955,0.272041922824429,0.167424192427763,0.364904052918132
HMDB0000036,0,0,0,0.00755417515805098,0.000558039011606081,0.00125126648539058,0,0.000691706878386957,0.000458971934085385,0.000392450572568991
HMDB0000037,0,0,0.000154219058471662,0.000162361811767776,0.000156884565686467,0,0,6.4234371920884e-05,0.00162080626624212,0
HMDB0000038,0.0336737782802611,-0.0150070644665815,0.0622092558510707,0.105797232552931,0.0415625910898723,0.0844803648156745,0.0395657566884107,0.0800904233412917,0.02331867874199,0.0831606556349652
HMDB0000042,0.0171857369414872,0.0767366926730177,0.0469611569067363,0.0814303826857277,0.019816493089416,0.05611013660229,0.00922161572956345,0.0849671175229119,0.121383588085486,0.0998398333509218
HMDB0000043,0.00368913509148148,0.0975336185536907,0.00136280924441538,0.0914053439000465,0.00430921456008951,0.0207274427098981,0.000412359879018284,0.14811513802096,0.142309524913758,0.025731737596594
HMDB0000044,0.134202842816137,0.249096282443792,0.276920611438075,0.132645595879598,0.153091696788411,0.216491926626602,0.153144590653473,0.148151629799296,0.56784302516488,0.712922850033547
HMDB0000053,0.00896789267244821,0.0416409189011834,0.0179236739366582,0.112787960505446,0.0172694617633327,0.0326411984554222,0.030163369884726,0.0461376241068211,0.0553397190306446,0.0454782384589901
HMDB0000056,0.011840231981335,0.114827432572181,0.0329332921878565,0.112002914479383,0.0156624152619299,0.0517359995769753,0.00901042161806036,0.131659037162622,-0.303962919623533,0.154237316795106
HMDB0000060,0.00192267528649179,0.0365554899264318,0.00469004620128341,0.0176709763717453,-0.000125270131394873,-0.00792155782501713,0.000823408991508925,0.0568007094232429,0.0433229899841369,0.0114615643919102
HMDB0000064,0.0520854604001487,0.00694405246888484,0.103508478266287,0.066458031987509,0.0841221941197453,0.114584699655398,0.0642967635564847,0.13332010606454,0.228970535731479,0.0129524685026249
HMDB0000067,0.0547391170551766,0.130773057142129,0.0610740320882372,-0.0385349417381315,0.0523346300124237,0.0459745900676638,0.0598625372153148,0.0254985372659729,0.146572167419203,0.288943473440716
HMDB0000077,0.001720276219305,0.00211316442786573,-0.00178995381054313,-0.0112275681234458,0.000300264281678105,0.00126021057800417,0.00102808943119448,0.0108578545612109,0.00137583344092529,0.00701368751231766
HMDB0000089,0.0529794541134364,0.0391516750815402,0.0252344564665307,0.0651445232725749,0.00144817235991825,0.0323240132807353,-0.00902610707441781,0.0627822600980026,0.0566079316165528,0.0249426072795431
HMDB0000092,-9.60945701834831e-05,0.0123373170567741,0.00135128382312586,0.00133966209468808,-0.00137217623452116,-0.000835741035344479,-0.00150773712359329,0.00594254263441977,-0.000879081573867818,-0.000633707899687456
HMDB0000094,-0.018074655252743,-0.00162862181230193,0.00306953652688267,0.0222390527723431,0.00101027808306338,0.0439258162681707,0.00685584044929289,-0.00987775986113611,-0.0196891624699726,0.00928579654337426
HMDB0000097,0.0301892212943641,0.0417472542919261,-0.00461625870516567,0.0458924580881157,0.0123748814517802,0.231670731067881,0.0142274350133072,0.109653433449599,0.0329431825236031,0.154400467921212
HMDB0000107,0.107989677646589,0.175737170280695,0.1395156934045,0.191856443126373,0.110894104996465,0.0503675831847238,0.144140181102817,0.197511218329854,0.225480696788183,0.279619250138523
HMDB0000112,0.0253658365142508,0.25514610409487,0.30614604761816,0.238716323282649,0.0491936568158576,0.105477045259156,0.0616109978621079,0.284792454145255,-0.129780004506293,0.467873289416164
HMDB0000115,0.0114075379183121,0.0554593662618543,0.00475120294512655,0.106126690782122,0.06537107188996,0.0830077756548141,0.0708270655924979,-0.00631455603830507,-0.0354456170283677,0.121339931063491
HMDB0000118,0.0119076724673026,0.0825566848509631,0.0676789098154737,0.16662689132876,0.0294195363785533,0.126155066544911,0.0273002613954893,0.145926453527172,0.181038599927954,0.214693623211459
HMDB0000119,0.00564565835915216,0.0597406337162528,0.00560450555146237,0.0626882647932555,-0.00259769265157973,0.0196095601257605,0.01227118009234,0.0744046934858207,0.127606918416927,0.0211467137525725
HMDB0000121,0.0300707479779945,0.0343807084692098,0.0122775197277409,0.0583557167564947,0.0231607992186979,0.0477237183924188,0.0203748909418998,0.0487562849373447,0.0833896417958234,0.0412558901034048
HMDB0000123,0.01320764688608,0.0565278994630447,2.43671837583695e-05,-0.014328864996929,0.0150555333041303,0.0485260248229103,0.0125616662769179,0.00904464039200278,-0.0606824905645778,0.0847403698966598
HMDB0000124,0.0221249120823618,0.0188009208366333,0.0682868328006868,0.0476703356671575,0.0300217092847123,0.0233598616984682,0.0282150240718333,0.0171752399651103,0.0972642095596395,0.182667271607373
HMDB0000126,0.0398824788691455,0.0257813018382147,0.0396909294278449,0.103290841909457,0.0546955414656817,0.0380074709872739,0.0736792361519573,0.0555398537368114,0.0249882038619048,0.172358065489631
HMDB0000127,0.00861744402129928,0.0257510004646739,0.0158206494125453,0.0266283553238332,0.0106303480570632,0.0136463437130872,0.0124666162070034,0.0241598988923391,0.0193521574025114,0.0319900936651631
HMDB0000132,0.218649227077274,0.239155941852331,0.200246130971991,0.300876831344975,0.284401299508645,0.31720053306513,0.248494914659453,0.250658464504972,0.1666083218251,0.303061900441955
HMDB0000134,0.115212781058474,0.199370295269219,0.00144074216233632,0.120078510819499,0.120322636823193,0.139868857224888,0.112225814803489,0.15570959090294,0.12821138620085,0.102434001699312
HMDB0000138,0,0,0,0.00755417515805098,0.000558039011606081,0.00125126648539058,0,0.000691706878386957,0.000458971934085385,0.000392450572568991
HMDB0000139,-0.0445579507177834,0.0726127847208893,-0.0348879519018585,0.0334438046271393,-0.0381741955524177,-0.0238816605472684,-0.0438351583140249,0.0629768767424329,-0.298243040672568,0.165648139231833
HMDB0000142,0.0429704224691815,0.0793181035850196,0.0374646748175573,0.0832908647252397,0.0527379998476892,0.103390973372808,0.0303090504407643,0.109067426496071,0.192571042806651,0.0392977829731915
HMDB0000145,0.08012602295819,0.148412503747999,0.171286742498676,0.170769571816672,0.0882614109009916,0.097074223067293,0.0819738456605447,0.135886770854274,0.118241738757727,0.130641687282717
HMDB0000149,0.00194445939519359,0.0726101869485226,-0.0160572624871185,-0.00726111789617688,-0.00810159814503831,0.173394421609754,-0.0185868275772848,0.057549888272596,0.174992547733974,0.0603644820509519
HMDB0000157,0.0844591815333226,0.192597424821796,0.16911212402495,0.0904857471338974,0.133494310110901,0.104474108001543,0.121648522511433,0.0939130803861282,0.0537520512213145,0.248058323507872
HMDB0000161,0.0145276628947939,-0.0146338221982824,-0.0032932260145421,-0.0131905425830539,-0.00059841433092169,0.0180497344900595,0.000646161634371146,-0.0121729739345493,-0.0534962615288753,0.0422186373326678
HMDB0000162,0.0791577775321296,0.622134407655153,0.0637738024687277,0.0391204618644334,0.0771882507259745,0.503329959008628,0.129536164764121,0.16823594707883,0.317840811666514,0.595252039971661
HMDB0000164,0.00024587929427344,0.189591761548549,0.50094545748301,0.13216073282408,0.0029258529881176,0.000428636672228638,0.00182471598302353,-0.0225969871334716,0.027837366083961,-0.0071417564811531
HMDB0000169,0.0246226451598578,0.0498989226769204,0.012889065394188,0.00690821678062581,0.0215042486540485,0.111924638810842,0.0295220949024597,0.0882352241460611,0.140292370270034,-0.00860397125120366
HMDB0000174,0.0235280110988215,0.0641322515822069,0.1051403353413,0.177738160939908,0.0265358800026567,0.0528042920327129,0.0395073754611834,0.177608961816029,0.0894378040149652,0.282513806677566
HMDB0000181,0,0.000963143959098939,0,0.0002417994651443,-0.000207133990738972,0.000473927803813546,-0.000178578252513353,0.000892919394672013,0,-0.000212789995168131
HMDB0000189,0.0115949350558249,0.0575038258421036,0.0409781155395972,0.170307802911084,0.027166367136987,0.069373010226488,0.00284109206215826,0.109300906501728,0.0716869019437718,0.0150452468884231
HMDB0000197,0.0514481513864959,0.25837293640981,0.0674509654287552,0.21267934411251,0.049343705359135,0.126989492587131,0.0529405273945527,0.273983346525493,0.170376167016284,0.326643131823153
HMDB0000201,0.0102789066287079,0.06253051299961,0.021603996131654,0.077999826737211,0.0215249010080673,0.0360525132236317,0.0231657611968047,0.10117974543887,0.0916476435011304,0.0451411924639152
HMDB0000202,0.0514481513864959,0.25837293640981,0.0674509654287552,0.210915488210646,0.049133019624813,0.126989492587131,0.0529405273945527,0.0988212386718377,0.167444397998632,0.326572589071845
HMDB0000207,0.0053648138592209,0.0199980608741528,0.0729009175229727,0.0616749245104384,0.0154603859692382,0.0396853851564142,0.0183816290770682,0.0256314651415022,0.121368893711523,0.0538236637694536
HMDB0000208,0.0372760446768976,0.085745505874934,0.0567866233917493,0.0639030000661634,0.0448799308358136,0.0769666892899878,0.0676341006414867,0.0853309993861991,0.102625659322338,0.14084268881241
HMDB0000209,0.00128267337485251,0.0055435075090611,0.0177224247038957,0.0568099161158747,0.00205563316767175,0.00540128676120058,0.00178926455377918,0.0373017748864376,0.0228121771152127,0.0457813824690883
HMDB0000212,0.00514868403486762,0.689762949537825,0.00828721459021125,0.113971654570825,0.0087899434093176,0.012203872146319,0.00778786113005711,0.0776730371881214,0.0360315766298671,0.0373672348477497
HMDB0000220,0.0260019712569356,0.0272813586540236,0.00490015004595326,0.0267399640585279,0.0345449854394467,0.0275144492466916,0.0247088239104522,0.0211269232842888,0.0072163333014698,0.0518710976781696
HMDB0000221,0.0164658826154438,0.0464385351943793,0.0348646393065268,0.0591867283892135,0.0286890455182362,0.0308004977624389,0.0302947404018994,0.0408731296775021,0.0219867319628915,0.057136778793134
HMDB0000222,0.0202103174610417,0.0741437027514489,0.0282809531673804,0.0609485207103384,0.0346003641370241,0.0747825335626539,0.0460744986191323,0.0584644160315309,0.0299410681099667,0.0710021344475344
HMDB0000223,0.0483626544681829,0.0554133526660569,0.055771913360743,0.0997382456615414,0.0621194561074701,0.0684851193646716,0.0603903470100224,0.0911884417835482,0.118908929414437,0.0675591579778561
HMDB0000224,0.0243700675724992,0.0340663883708762,0.0247889867176894,0.0320649041916492,0.0112953967083192,0.0329688662867662,0.0131085583782262,0.0238963633808062,0.0337308090568334,0.0503794516357117
HMDB0000226,0.031822090754068,0.0790296503923211,0.0449562450575772,0.077785645542789,0.0337188360767248,0.0293340630566198,0.0314726594988872,0.0403675861053874,0.0578091040931272,0.0301698745605273
HMDB0000232,0.00470586738489293,0.00684212333675909,0.0451239174247642,0.153975356713293,0.0175313408569579,0.0667487155692285,0.0147020714175236,0.211262089174441,0.0307185509656084,0.0604776953365578
HMDB0000234,0.00738644556256809,0.010591420931312,0.0173144342086688,0.0969050929862536,0.006307662828147,0.0420015046591935,-0.00343396739720837,0.0207281717370827,0.100247263200958,0.0517279864987511
HMDB0000240,0.00797627552322634,0.0420791502341163,0.0225034997820233,0.0895820648591518,0.0134868342600137,0.0164399839492905,0.0254641469765331,0.049678408199612,0.0987480995174878,0.0403938482905897
HMDB0000244,0.0777093634527588,-0.0878433624075204,0.0562621817641157,0.132018841927786,0.0353351802777641,0.0848734444637836,0.0574083990489952,0.0571818565196985,0.0256797209690321,0.308722024899373
HMDB0000245,0.00224796939298688,0.0340526860894655,0.0196302435794016,-0.0184439341445667,0.0110337593685132,-0.0543763166833213,0.0131882529528567,0.0301639211994547,0.0923055318072586,0.000391451525531815
HMDB0000248,6.58852071810337e-05,0.000400594001600185,0,0.000930267957999815,0,0,0.000187453117950605,0.0249777777725859,0.00132344081181351,0.000209312931643048
HMDB0000251,0.0238123268672454,0.0365000088260471,0.00190659329244361,0.0240398012722041,0.0312031650454391,0.0297603025136817,0.0217838867865521,-0.0225012117352237,0.0683009297668222,0.0186492496563353
HMDB0000252,0.018023880352359,0.00913795024635686,0.277050031599065,0.119756451878596,0.00485624254219621,-0.0428048344012768,0.00342554231230204,0.0345486495456323,-0.0780177883739897,0.290935352841564
HMDB0000256,0.138013764675557,0.119023500181308,0.0903325236325928,0.146440748532186,0.114391835333145,0.172735565633385,0.128164257076164,0.0927199161615334,0.545214752746686,0.175549090317588
HMDB0000258,0.0216905644137965,0.0777875688981707,0.110166634276302,-0.00381961696898633,0.0179542831395704,0.0712437712583609,0.0300202844576144,0.0890111078202117,0.0675611698944809,0.114159107291311
HMDB0000262,0.240531998700996,0.246965284479036,0.207659946819381,0.346345523363032,0.190217608388549,0.394673287135562,0.181666149209172,0.359028241033355,0.0899842993357362,1.01709276543005
HMDB0000263,0.0772943557696271,-0.0175911288035643,0.0467871751464805,0.055701611193381,0.0974763204669166,-0.138000698089768,0.107195672446419,0.0478806239572606,0.143822855794167,-0.0267077596853188
HMDB0000267,0.0557594202029208,0.146935532626593,0.087356417843303,0.275740323259046,0.0688459378879263,0.0696427483064049,0.0765801012095124,0.138100883195737,0.0534713123403858,0.12007495675876
HMDB0000280,0.0722009657051985,0.0777885825798764,0.0413383030791465,0.143743272276844,0.0907181226978532,0.14223669400723,0.0749447733774235,0.13897090516444,0.0659328995848676,0.158435672485888
HMDB0000286,0.234014129333914,0.279847293171699,0.47941480874373,0.283450253860698,0.357126714127742,0.0721251818559114,0.304138191249424,0.397069075779216,0.0815687038529623,0.426122073028007
HMDB0000289,0.000536083917214003,0,0.00108982240298066,0.0422138201734355,0.00102844226830653,0.00060724861847898,0.000111795525490297,0.00461177954390082,0,0.00144012562999567
HMDB0000290,-0.0193502715207765,-0.0199941392722144,-0.0229098903474023,0.0179171573534788,-0.01512778135761,-0.0380102340906377,0.0135169947258122,0.0809103110493118,-0.0116654775597918,-0.0263996309676371
HMDB0000291,0.0267561855534861,0.111301955521173,0.0736181468253987,0.184349197990756,0.0396179942810995,0.139998941186745,0.0488005486987808,0.157194952336192,0.19592436191169,0.222035363879628
HMDB0000292,0.0420955697873578,0.0963920115632676,0.0844729238684453,0.0351534234283681,0.0664900444883737,0.052359382006282,0.0608689557448422,0.0458035953070889,0.0268760256106572,0.12376602606806
HMDB0000294,0.00790086179391277,0.00651037731438433,0.0095483023986632,0.0232604497037391,0.0108066825310477,0.00187838518830196,0.00414753891886176,0.00784193073738781,0.00780864353331131,0.00325550371438622
HMDB0000300,0.10252829489552,0.1822289357061,0.117920899499289,0.217702883629944,0.121225394661897,0.161127540240023,0.133199314793024,0.15998961049388,0.0549230037064371,0.532273087172218
HMDB0000301,0.000421102418865174,0,0,0.00387497832975072,8.09139272765443e-05,0.000471771962728231,0,0.000298257799609785,0.00136194539735817,0.00215551593776918
HMDB0000302,0.00395233328806818,0.00181823722068411,0.0253732512690761,0.0690493546228136,0.0283078729392803,-0.0466698250403072,0.00942465700473224,-0.0275588445562408,-0.113765106279011,-2.94566340477676e-05
HMDB0000363,0,-0.000332833957937316,0.000309937387316556,-0.00185701705321779,-4.69864586800138e-05,0,-0.000130607272191632,0.00300678892032145,-0.00171149011645315,0
HMDB0000374,0.000311990244889419,0.0199596693951503,0.00143804718697932,0.0571851241170111,0.00560728515457525,0.00115041335851984,0.000485374774841041,0.0898356839130464,0.00289710567320078,0.00503862674558049
HMDB0000405,0.128518122337896,0.53433574756962,0.297146242075047,0.688653895543179,0.189541820921777,0.678389558888923,0.236818549866407,0.63513704065243,0.887130758453101,0.926740012878963
HMDB0000491,0.00411647726845747,0.0314008276549838,0.0047446904962901,0.0670876330313751,0.00727984546091438,0.044051659818581,-0.00874422550279423,0.0329513050378053,0.091135841297529,0.149514124940253
HMDB0000510,0.00209466806266472,0.0552063906035537,0.00120906911571683,0.0400766119672092,0.00178733561616445,0.010363721354949,0.000400656974537267,0.0723233848425903,0.0541435565697756,0.0126888894449609
HMDB0000517,0.011852225553368,0.0505500248753174,0.0603801699894689,0.0936629346500558,0.00482063954838174,0.0127520079090682,0.0219831582323843,0.0143986415647644,-0.152274082408597,0.0696166820515945
HMDB0000574,-0.00610513336200927,0.105637348452522,0.0114103855133096,0.0525029481560745,-0.00558811313942607,0.0519209919965136,0.000950156630919039,0.0476435819177002,-0.00416778969177577,0.126795237356148
HMDB0000595,0.00894516868609446,0.0391088075200828,0.0223037397815927,0.0832576441463411,0.0216017035248832,0.0213462462947212,0.00759685214065621,0.108704546065956,0.30629364967544,0.017276628331201
HMDB0000601,-0.0244599359795875,0.0887740068121477,-0.0234765780340485,0.0198857390351561,-0.0323085524940949,-0.0220828239807932,-0.0116640216265509,0.217901104949606,0.532273061314347,0.546171359425614
HMDB0000618,0.072143735016892,0.032941079153972,0.110568119079059,0.0836987851871335,0.0771212799850168,0.155215003426725,0.0842166497076671,0.0288460447045952,0.00855260630207326,0.216004779012974
HMDB0000619,0.0289102944866564,0.0321502466700461,0.0160360544187703,0.0821359710157542,0.0169233437845327,0.0292806370653242,0.0440715732738883,0.035545744844698,0.135967186797443,0.0695642222960481
HMDB0000637,0,0,0,0.00755417515805098,0.000558039011606081,0.00125126648539058,0,0.000691706878386957,0.000458971934085385,0.000392450572568991
HMDB0000638,0,0,0,0.000406393784099969,0,0,0.000235391579144537,0.00258694464224987,0,0.00140796416198791
HMDB0000641,-0.00688669003772709,0.218684297563168,0.912112809383584,0.274712502649186,0.0404326099720014,0.0348762213727044,0.0984147982677622,0.304068045425876,1.0148034404886,0.900602845915075
HMDB0000646,0.107989677646589,0.175737170280695,0.1395156934045,0.191856443126373,0.110894104996465,0.0503675831847238,0.144140181102817,0.197511218329854,0.225480696788183,0.279619250138523
HMDB0000653,0.00251989500280099,0.00425313249566033,0.00496123765864903,0.0686046919386716,0.00335815203719274,0.00221044305247552,0.00360910802235635,0.0213822483398734,0.00535156895747735,0.00939755090760127
HMDB0000660,0.0310636920642658,0.069590195829078,0.0446276741312102,0.0966324934434762,0.0278221820864835,0.117609832050968,0.0385356664710243,0.124669872864956,0.195014228481303,0.05317717797595
HMDB0000663,0.0514481513864959,0.25837293640981,0.0674509654287552,0.21267934411251,0.049343705359135,0.126989492587131,0.0529405273945527,0.273983346525493,0.170376167016284,0.326643131823153
HMDB0000669,0,0,0,0.00184280402268332,5.51147713223065e-05,0,0,0.0175156134419901,0,0.00203650866381784
HMDB0000673,0.00396539769352299,0.0484305086433607,0.0351773069758809,0.0595493801106575,0.015799992045629,0.0527105428288263,0.028140327547166,0.0459083891681759,0.150900691592193,0.0471329022596629
HMDB0000675,0,0,0,0.000746176766793383,0,0,0.000749812471802422,0.000718257504161521,0,0
HMDB0000684,-0.0267789070537107,0.0741713753299108,-0.0122136038773827,0.0721362698972566,-0.0199990164362286,-0.0544816777333379,-0.0139448090947143,0.0271540827063377,0.3891546955358,-0.0720293294995664
HMDB0000695,0.00721721040010881,0.0505600156266727,0.00972649353579404,0.106621182116274,0.00620066394191212,0.0580665149772434,-0.00612447433999876,0.0513527479141256,0.147703050212118,0.118408497961591
HMDB0000699,0.0052658842501592,0.826318474298445,0.0102506411541414,0.263952900001555,0.014577282837251,0.00801767765011754,0.0121339051760381,1.06201018818585,0.0245796278864178,0.0340734804144535
HMDB0000742,0.0408217779322332,0.0774015020085146,0.0555738417788321,0.253548631791749,0.0328497445679503,0.155333886865859,0.0272075390595238,0.178860737345882,0.130435028467554,0.132625862429299
HMDB0000751,0.229653903441353,0.172926382023573,0.337036577695056,0.657614138386752,0.294933595430799,0.362928314414384,0.304028869924819,0.386899084290206,0.364011647774787,0.344945224541263
HMDB0000763,0.0418526624628986,0.215310780341509,0.056209137857296,0.177526762744069,0.0395705145517297,0.105824577155943,0.0428291592115818,0.257513140080186,0.142468767349845,0.272214366977845
HMDB0000806,0.00416850658914179,0.0191277541832797,0.00762142119560281,0.135319726348531,0.0114243526104314,0.0195564744864894,0.00958465788910827,0.0318506037019679,0.104932712359129,0.0156329544853379
HMDB0000819,0.12778789108926,0.3314947381778,-0.204430401142115,0.559027689131071,0.186106007041809,0.677300077643775,0.234437098853557,0.499628478988792,0.860535735013636,0.921261569877933
HMDB0000827,0.00551400684011649,0.0225015827043973,0.112834730699444,0.025745530892293,0.0155291176337516,0.0362346199933384,0.0252974901420944,0.0257349026763419,0.0861434757024336,0.0789190608562431
HMDB0000828,0.0150860656120857,0.023079643117722,0.0130315693631683,0.0385515051090362,0.0176743429440316,0.0251996313030297,0.0139567762165258,0.0391367928064964,0.0303342600149816,0.0207703267193234
HMDB0000854,0.0017698470298105,0.00151232931741599,0.00318485493365412,0.00356792650936742,0.00155874466622509,0.00132394726360815,0.00237049202211419,0.00139278168666076,0.047158245432037,0.00323631668394136
HMDB0000868,0.0679362962471363,0.0802401309564829,0.0611780130414474,0.237010842031549,0.0761582388993581,0.0904899828403822,0.0624639406898261,0.099202116924827,0.13689884739218,0.228295399587585
HMDB0000879,0.00192457157361763,0.0956731137576061,0.00504591769751309,0.203103260441744,0.023304122117214,0.0189100061469816,0.0645797323973247,0.16069148078331,0.0209980220379503,0.0600844011957754
HMDB0000898,0.00432350219094647,-0.163744297709909,-0.484421427954031,0.113289234801125,0.0079996408983676,0.0246077415535448,0.0123245759728368,0.191010643094108,0.095900624202524,0.736028313178801
HMDB0000902,0.339590949926123,0.343977239087122,0.308531865640012,0.340837605823378,0.311711392409513,0.325963341573853,0.32461137500375,0.364662924099191,0.389161865455058,0.357468416760894
HMDB0000935,0.0163619412425348,0.0473030325813442,0.0579502902183872,0.349480186626887,0.0235339543260552,0.00942019017184189,0.0150852665504474,0.229734566777105,-0.0264487847970875,0.0360805271907134
HMDB0000951,0,0,0,0.00678179256775523,0.000558039011606081,0.00125126648539058,0,0.00066105482125403,0.000458971934085385,0.000352558821002068
HMDB0000960,0.143873867086797,0.317517150165601,0.197222750517904,0.295273604147151,0.22667244927764,0.257130837442754,0.271557366476982,0.240629404659705,0.29941236281066,0.35979606889645
HMDB0000961,0.0875763834093341,0.402206655748362,0.102204702758711,0.211824035226992,0.108463536269792,0.0781194482420621,0.12414189701592,0.146888763623075,0.0498516008069884,0.0593377676627653
HMDB0000962,0.0657947374728748,0.156601465507396,0.164895846633876,0.162847174634284,0.105108269701822,0.0948888110399197,0.115905386557581,0.140339041620723,0.089763804888887,0.191062217159604
HMDB0000963,0.00223612398785617,-0.0183691203342605,0.0377321116773566,0.0174896626303852,-0.00371309174921,-0.00735395986004085,-0.00843002868063516,0.0203703217452201,-0.0175974676432263,0.0421377740737435
HMDB0000965,0.0248837888188474,0.0602020591946288,0.0133853264662527,0.0534434036141806,0.0348998959378159,0.0303657640416137,0.028495432876206,0.058328243297675,0.121360012110967,0.0364644863331446
HMDB0000972,0.00196664090165714,0.0429576677196016,0.0554414779290872,0.0477064816164806,0.0147442451476591,0.035111862696788,0.0251534241148406,0.0240353104142822,0.00449171832776416,0.0988321834833053
HMDB0000978,0.0302964722314705,0.0509607487320856,0.0283099673001832,0.0546223750607281,0.0398934677407728,0.0474511067889341,0.0287171231831424,0.0546039975532927,0.0869770048651447,0.0411348307533467
HMDB0000988,0.0800114976266794,0.0839825617870161,0.247292659938093,-0.00959687318049828,0.167894881652449,0.0220124509176289,0.263348858739775,0.0359674890541242,0.760775937444327,-0.0213450221094156
HMDB0000990,0.0338935485889012,-0.0347593851996503,0.0582142504878058,-0.00121415201692061,0.0316080523554796,0.0364481179934571,0.0374739076212832,0.116465439124626,0.0259032198150059,-0.0641184812671183
HMDB0000994,0.103251273214137,0.196977661255,0.143109894840227,0.258841016913439,0.132205782182211,0.120394314753176,0.133463554304545,0.192161389662768,0.151710045597602,0.151356176978276
HMDB0000998,0.0155971433510029,0.0736375549982311,0.0251569690257448,0.170487372997023,0.0303996988355598,0.0538991806295798,0.0119340822554352,0.139344483570884,0.0851715382934414,0.03808460713928
HMDB0001008,0.0632342802854812,0.179400802392071,0.217662345723296,0.403416060295257,0.126205299977133,0.110745110008037,0.143223441296385,0.280553028027631,0.283644175175379,0.581825232720546
HMDB0001018,0.0457042543326796,0.0740433669403902,0.132304666241797,0.185477749148315,0.173323306003609,0.0113221213574892,0.0513344168100922,0.0992991795235717,0.0450265618336776,0.0948000212495804
HMDB0001022,0.0316946658134362,0.0237908002422027,0.0178481945843059,0.0439896221193294,0.0284632551384942,-0.00781077293985638,0.00558741802504356,0.0826939956358428,0.0163045240085531,-0.0166251574413402
HMDB0001023,0.019078552624717,0.0188187362872388,0.0173629592664118,0.144737201122247,0.022167037452589,0.0581680865885023,0.0193934355385944,0.0205851771174239,0.184587437412337,0.0141722193801867
HMDB0001024,0.0110605115962218,0.00666585308844303,0.00873497586868338,0.0901267579150265,0.0218640227142853,0.00969535808016196,0.0135727660209166,0.108419470243734,0.821874616923871,0.00886733097982839
HMDB0001031,0.0267496285106692,0.108454689653246,0.050987067777823,0.0426367333047999,0.0350501365780761,0.0465969815088524,0.0508273754926983,0.0547399652798883,0.0158182440122645,0.100043506618832
HMDB0001051,0.200659612325484,0.0664162625967828,0.266283459209546,0.282055928308603,0.256327399592546,0.163664364295596,0.245600792039113,0.133692177013357,0.306674455783545,0.217375696915351
HMDB0001052,0.101105974002595,0.087435313813758,0.142487855679637,0.129297429548833,0.127966309624476,0.0942088537875276,0.0921816765075331,0.167197997262869,0.130220762045022,0.2281112188888
HMDB0001056,0.00319716480932196,0.0155960943920111,0.0190972394852988,0.0115681226567407,0.00642863383099186,0.0202649208560325,0.0129539283689763,0.0205784507345563,0.0109206956234059,0.0160755471281214
HMDB0001057,0.0460952149769701,0.0573660399142604,0.0366369807118426,0.092766762924229,0.0422101786246575,0.0675667674333605,0.0475714659326974,0.0668006368956636,0.0758032519287644,0.0468498772506578
HMDB0001058,0.082486301039834,0.148947527030468,0.0545352170063823,0.122852009135096,0.0975486705187523,0.139833397233394,0.0910814654695305,0.143919060015049,0.162361725653753,-0.053863669780115
HMDB0001059,-0.000348158981663487,-0.0168335235474143,-0.0136300169303077,0.0121453416988007,0.010840122396944,-0.00078297756227862,-0.00145843913381541,-0.0178969816866165,0.225734398170123,0.0344128857264985
HMDB0001062,0.027401189908929,0.044464743155085,0.0376673536017593,0.0356718137406849,0.0119705499735221,0.0370385648453073,0.00737799963116548,0.0265532420719149,0.0412183483575085,0.0741673704660894
HMDB0001085,0.287353611695263,0.209316630043024,0.0866285059740318,0.420716896627222,0.165691369831832,0.289773761945956,0.132773911079814,0.197289039102193,0.0683477079841113,0.857001827670721
HMDB0001086,0.0549027453986015,-0.047463520159018,0.020340268984423,0.0738536952732841,0.0740758361633738,0.0579632949445121,0.0999835222676239,0.0101491537845566,0.235643357780372,0.0441338076510531
HMDB0001090,0.083398788838337,0.126603796143987,0.161244048133636,0.33422877747566,0.133370337070232,0.132040772452998,-0.0275680496929416,0.276225882743382,0.411209819171773,0.208574118184995
HMDB0001096,0.000290765948386568,-0.0111062892454389,0.00289955257081978,0.00325565963811165,0.000509213334690562,0.00120474581548289,0.000845132964385831,0.00687636764356171,0.016247055271028,0.000510399057114244
HMDB0001121,0.0643659136874694,0.150769921472216,0.113951428958515,0.21438117159861,0.0849239599158778,0.194397977764469,0.0888170367419786,0.20011413511375,0.267462886929572,0.195411198855612
HMDB0001123,0.0897663079084882,0.0675599154285976,0.0144080527870864,0.0781781430379473,0.00562205976888902,0.0883437566634155,0.00789919739291653,0.0422373991594393,0.225775084024511,0.211771705719957
HMDB0001134,0.0199692389827342,0.164305783834576,-0.00127360481570341,0.0860286106303602,0.00265783539868959,-0.0121141687718823,-0.0258324066668357,0.107968460892678,0.183051863933189,0.14303258741976
HMDB0001138,0.00218545390409168,0.00632338638364144,0.00266566695176074,0.0307823203537047,0.00465690352426259,0.00227540651056437,0.00661156749545946,0.0113172731160921,0,0.00856415791867235
HMDB0001157,0.108942624438181,0.207334033563337,0.137395040862251,0.232689994939641,0.135813897061046,0.193529643548644,0.163845947155202,0.226858285924169,0.320465337377568,0.262202287310411
HMDB0001161,0.0514481513864959,0.25837293640981,0.0674509654287552,0.208238388011769,0.0489016662795912,0.126989492587131,0.0527844393639809,0.273683410301305,0.170376167016284,0.326238655507258
HMDB0001166,0.0297037095095243,0.0509154358611507,0.0368891414371101,0.025607137103855,0.0339385310887638,0.00839589758081327,0.0286441377758077,0.0402508270298504,0.0404612203664264,0.0331442152193324
HMDB0001167,0.0739364282947396,0.193416766066245,0.21160694341183,0.170393791473007,0.0700552820494759,0.0845831797443834,0.0778168106214838,0.217322672033607,0.226172824667282,0.140117540989096
HMDB0001187,0.0300179608402156,0.0577127146796829,0.0306636839558936,0.0557314199267048,0.0380238984089261,0.0756835966042712,0.0607567936029998,0.0392357451023568,0.592208285035785,0.205435659616167
HMDB0001188,0.0533342366590723,0.0285809918437717,0.0712062647936534,0.155251661057222,0.0371150556729512,0.0275187511537703,0.0237971440052176,0.0302645814671032,-0.0811444307969426,0.0352397818164493
HMDB0001195,0.0432424833832149,0.167415596907212,0.0659466837308794,0.231567392223506,0.0444579202800432,0.0831432636281761,0.0721397145055523,0.146076686132297,0.220290395416545,0.123781888270939
HMDB0001198,0.000216898666217013,0.230622155635997,1.4748185427291,0.0186032652725016,0.0107065563920009,0.00167796195963988,0.00380216675040767,-0.0439993782967074,-0.0167614464914561,0.0755272973649964
HMDB0001201,0.00852835797804798,0.00225739836848834,0.0198859745715005,-0.0242847694851777,0.0231701715360098,0.0109514154194141,0.0387697409415432,-0.0111238731912279,0.0400951042019144,0.0350048790522797
HMDB0001202,0.0938736015637793,0.0321427169724302,-0.0196757812233148,0.00283422399978806,0.0481729254442762,0.272814920490126,0.031013147200197,-0.0447004468618809,0.0417771196268556,0.0459221554669396
HMDB0001217,0.0468216274604796,0.0615974272943524,0.0287930814221157,0.0790286107207682,0.0517457186760988,0.0662471525639912,0.0645533154865222,0.0535791404855316,0.0918107909832024,0.0380632082767622
HMDB0001220,0.171267943158538,0.238630445913712,0.185825108804297,0.333719349165877,0.21408669491241,0.180072843249168,0.172494351115906,0.354806446022833,0.693828634473834,0.254210151997395
HMDB0001228,0.0231038049019087,0.0422684359491772,0.0253252080902346,0.0909361054754816,0.0324368412730957,0.0306846118853791,0.030573988789225,0.091135000494638,0.0265039473531751,0.022515332923609
HMDB0001229,0,0,0,0,0,0,0,0,0,0.000139821522921282
HMDB0001232,0.00596801505992659,0.085813604665829,0.0131990193892037,0.207514430107668,0.00970600403354945,0.0154946656731475,0.0082170737445453,0.0378792323343043,0.113516234959911,0.0197148555879296
HMDB0001235,0.0605959783175467,0.0732146295001113,0.0425381637029988,0.145952147099135,0.0540123239328032,0.0931996081407247,0.0434702279125305,0.0805192282168182,0.0700015026505368,0.073566154000232
HMDB0001245,0.0728285458954125,0.0187466632678221,0.0768280975300853,-0.0441557946999249,0.0800638926038148,0.020244533075576,0.0670829111737885,-0.0220199321329601,-0.0429473199230935,0.0240171790601851
HMDB0001248,0.0255381702046883,0.0359686396459075,-0.0194732751120346,0.033070930220775,0.0769561299783448,-0.00938968207405288,0.0884558199220839,0.0060202012191436,0.153909281059939,0.193275916674497
HMDB0001253,0.248145835896931,0.249389087903886,0.184367448343765,0.471456686013506,0.295347116033412,0.259696856049538,0.237033647259467,0.33530136361623,0.909422135210809,0.331851629290011
HMDB0001256,0.15581461237109,0.138767130858462,0.151138203940717,0.287470612860894,0.173217734930632,0.199801178418305,0.1544091946196,0.286020754399461,0.053560956420231,0.361351660089544
HMDB0001259,0.038215371589593,0.0743498503137369,0.00042838505483753,0.0681655270613742,0.0432257450047302,0.0391787400169601,0.0731889142738233,0.167215394334541,0.140447298940275,0.0850595485787626
HMDB0001261,0.0710245370473779,0.194710325844707,0.0851370486797525,0.165782091677794,0.0629331511942666,0.133525963004945,0.0795261431756744,0.222540227636327,0.0477797827980248,0.156535966158473
HMDB0001266,0.0259248966167523,0.0207123737554739,0.0294299332808879,0.115959392839396,0.0209379945750187,0.039829696473392,0.0107884126263402,0.0443859500361015,0.125546281677134,0.0526386695210158
HMDB0001269,-0.00558124447819786,0.0383413823463573,-0.00206209612952227,0.048180043650313,0.00253537418162218,-0.0055963943535287,-0.00139154572945039,0.034827484928836,0.354791789621724,0.00231825547483254
HMDB0001270,0.683344681722174,0.843357262108785,0.746246592071273,1.10796544353559,0.891878555770942,0.693079199027928,0.896766278884488,0.898752560690762,1.09121734789067,1.17581285867663
HMDB0001273,-0.000501991846746925,0.0543880976280945,0.0168024098775872,0.109208898788509,0.00442009335694403,0.0425727862808718,-0.0203076180429555,0.0910789868974689,0.031127074567252,0.00948343481892132
HMDB0001280,0,0,0,0.00464751049251725,0.000218958746611776,0,0,0.000123696325773631,0,5.8410787419431e-05
HMDB0001285,0.0439038146809472,0.156439663733322,0.0545398069436392,0.0946563202795125,0.0516921603815999,0.0345467443507338,0.0552021265987586,0.0676008281434552,0.0985905326918268,-0.0166656563156612
HMDB0001294,0.0282972438439965,0.0448362857529458,0.0242821019208031,0.0479304895312592,0.0439463464390613,0.0466430645109751,0.0618378347550473,0.0549887664783712,0.0646659965113036,0.0599254978391625
HMDB0001295,-0.0110712478093322,0.0470396350380696,0.104057387824267,0.146630682298948,0.00138384349373879,0.0770939865419356,-0.00762800216820205,0.114262745821695,0.0698330327764228,0.129763675596477
HMDB0001301,0.0436631583451309,0.0398238995304223,0.0228076835479497,0.123668437710855,0.0456775805439291,0.0492563300975646,0.0355849819261602,0.0801090146015351,0.14551012702386,0.0232013021555371
HMDB0001311,0.112748668009937,0.108856666641175,0.12528821573869,0.195307834481069,0.134083073051306,0.169979758654952,0.12738533933939,0.123260529779573,0.378603014796374,0.137579565332031
HMDB0001313,-0.0066211338785349,0.241601175403593,0.0120242181209744,-0.0615604358537618,-0.00964028200908077,-0.0579100311021517,0.00159391654907764,0.0279540905058367,0.336060599433365,-0.0202582084294928
HMDB0001316,0.075679979088737,0.147955189402175,0.00163569775839363,0.0154466785302046,0.0852794334915056,-0.0909564080396943,0.082930823400409,0.0947861120375023,0.0888916650438974,-0.215008355119836
HMDB0001318,0,0,0.000619874774633111,0.00172127005218994,0,0,0,0.00899040011862502,0,0
HMDB0001322,-0.0011904029548308,0.00530940043419556,-0.12371981238694,0.189577793664676,-0.00264847433577866,-0.0308489305181574,0.00577860372821527,0.0238366814729975,1.30566878561833,0.123807632118617
HMDB0001330,0.00858768564134709,0.00546724050606786,0.0847482154931659,0.00463752256186857,7.73325931930918e-05,0.015159399317319,0.00111530633422939,0.109395216460051,0.00559122991883487,0.0468316449880973
HMDB0001335,0.00096046618525846,0.156837914639171,0.00128672529671852,0.00147194125362521,0.00198210945856902,0.00216106820394682,0.00539746804173377,0.320555084064166,0,0.00122452093684875
HMDB0001338,0.00108911191764615,-0.0527495127088406,-0.00560231208516566,0.137824583911783,-0.0103249585892742,-0.0199611164784784,-0.0221035716473526,0.00533616569878009,0.215665019825962,0.223656688755776
HMDB0001341,0.0142020397698055,-0.00718635017660734,0.0270015201740792,-0.0229203472386329,0.0201310738130445,0.000240488580495809,0.0305714135938695,-0.00986456740292457,0.0396919615985207,0.0114401183531247
HMDB0001346,0.0885769284167602,0.201666391529165,0.0810959768040537,0.303979336297186,0.122467219867618,0.14692447784372,0.122319401639103,0.140706369142986,0.0762183815693292,0.114156099790527
HMDB0001351,0.0136099026955383,0.0710299059737264,0.036799667646723,0.0286480057358327,0.0298715356448293,0.0320461867798983,0.016090361325166,0.002801558378507,0.0154134672386694,0.0797091626559884
HMDB0001352,0.0543460221133097,-0.00441388263340136,-0.103947006486234,-0.0958852980552339,0.0305891254175937,0.00907110306123016,0.0572527009461215,-0.0999784712724398,0.317737602053963,0.073773502684277
HMDB0001361,0.0934871887257629,0.224094927112982,0.143799002111488,0.340274595443141,0.176922961226002,0.218069583153594,0.160488986764391,0.320001392523148,0.388797788272629,0.412129321152858
HMDB0001368,0.15224555627151,0.0765746706957586,0.208871112634378,0.164334384100015,0.36433745925668,0.252260084092969,0.21133392434419,0.209572494162187,-0.0281378168091163,0.197717362298001
HMDB0001369,0.0589699114501388,0.0588857679735751,0.0353387475730815,0.16877317825699,0.0618297148043537,0.0699995306823983,0.0482859948119819,0.111340344532389,0.200380179456892,0.0357740006000618
HMDB0001373,0.0475715323534573,0.0657047046550845,-0.0195962828142633,0.108554278592035,0.0471456478028569,0.0742179329270737,0.0486852555121066,0.06900011860471,0.0804111069884824,0.0640486870877794
HMDB0001377,0.0813154436015148,0.15032023138125,0.0689185900603451,0.193618903858735,0.136163554156492,0.13444951244287,0.0991667027699678,0.401319196894156,0.229102858554861,0.255816968179299
HMDB0001383,0.00457798255358243,0.121152046782883,-0.00620740315700123,-0.0679533219855179,0.000622222404130853,0.0818962992998194,0.0063669966475516,0.0480936156739223,0.00496539985188957,-0.0130304080398777
HMDB0001388,0.00657668073269132,0.0487490184970233,0.0406254881309949,0.0751574501229558,0.0163897251960831,0.0572228232046516,0.028140327547166,0.0515709853665426,0.150900691592193,0.0484438051474576
HMDB0001403,0.0129136941179836,0.145886006094588,1.19932001537207,0.0168830823729899,0.0160218289263519,0.847248978749337,0.160785442194443,0.830972410745794,2.00393153164026,0.107962491936281
HMDB0001405,0.041822195923662,0.0916022018457731,0.0349744737529412,0.125230658754725,0.0491784957735202,0.0993716384274651,0.0452307112010407,0.0802688024318437,0.181482801064336,0.0648650614708169
HMDB0001409,0.0987960629117773,0.119538022871319,0.128443553748104,0.114151762278081,0.11647044018453,0.134038814324339,0.101641157710273,0.147668311769815,0.044844255726932,0.143282488559917
HMDB0001419,0.0022960301959915,0.037723512670661,0.000530812070419311,0.0107032333598038,0.00164656053672205,0.194639355406089,0.00142708303355918,0.0144752449794595,0.0685038109316588,0.000589897468794649
HMDB0001422,0.0250403113486797,0.0256532283272483,0.0303156972910707,0.0177061089097504,0.0234439560341262,0.0266926006417278,0.0218164080682349,0.0403129823263297,0.0256055144052128,0.046439417740592
HMDB0001423,0.0261340966818426,0.0297292365756339,0.0216649993591415,0.0281692043704817,0.0215724509465814,0.0341695985696011,0.0254472623536363,0.0249637259968456,0.0345205964250743,0.0338379663698429
HMDB0001425,0.000261364759555622,0.00248040200885752,0,0.00595402163339552,0.000167070037539448,0.00104743128295008,0,0.00160999313496311,0,0
HMDB0001426,0.0675520643002511,0.0995857214512539,0.123918744691369,0.132427628755083,0.0769701739477112,0.140443588169561,0.0809240370947126,0.149121775624973,0.0897999951651198,0.116996781786512
HMDB0001439,0.11132499461544,0.0426620281097554,0.12085446712377,0.175222673690896,0.124860748463196,0.13892817870037,0.0895225586029101,0.134090454231697,0.151405047920308,0.117268818638823
HMDB0001440,-0.0142578371442552,0.0462988754268922,-0.014213605640232,0.091196180575883,-0.017866977578933,0.0250274108539056,-0.0282343582786992,0.0751802406853298,0.0399416883931487,-0.0511985176429603
HMDB0001449,0.00192457157361763,0.0956731137576061,0.00504591769751309,0.203103260441744,0.023304122117214,0.0189100061469816,0.0645797323973247,0.16069148078331,0.0209980220379503,0.0600844011957754
HMDB0001452,0.0355193658043105,0.0593276825480094,0.20608734248459,0.035912868684964,0.035179665450667,0.102505404141391,0.0507927739401306,0.0159311162082647,0.013291719374955,0.361568302497823
HMDB0001453,0.0266503135908279,0.155433186803963,0.0833070968666639,0.307284374993291,0.0451304331981348,0.0493199518478716,0.0809116064647391,0.179044696342172,0.310049152063857,0.144307945290291
HMDB0001480,0.0412410061183585,0.136475250996919,0.0565551360628405,0.100824821237233,0.0656226275853018,0.0635209462630053,0.0387979798423797,0.115910458634146,0.23773613518345,0.0863509578503984
HMDB0001484,0.00587136986050268,0.0304534698004123,-0.0237272563978618,-0.00317405483211127,0.0197926217027314,0.0235557268619612,0.0103506570425716,0.0306793008694371,0.0258052673479752,0.0204776687854311
HMDB0001488,0.0539694339017458,0.250514501600698,0.124586403071269,0.0999327447764654,0.0947932078677347,0.110689355068649,0.0830080981430302,0.0603430820369023,0.0466451784896034,0.259461831930808
HMDB0001489,0.00521934830248295,0.065898971537727,0.019561991379712,0.0151546832750519,0.0257774589609354,0.00844241964786639,0.0165872868689465,-0.0270039601779198,0.00389951720681075,0.100413926125932
HMDB0001493,0.104231852956967,0.170380818995898,0.149156317823883,0.106645240438652,0.103105386114861,0.112881195895177,0.086803904901777,0.168418134079785,0.20430653891585,0.164261253610486
HMDB0001498,0.0207242222792548,-0.00991273684096816,0.00639904282311684,-0.00375408891317487,-0.00715974765683322,0.0098951243472925,-0.00516982497754049,0.00523131648496917,-0.0184276481655773,0.00133885097329797
HMDB0001508,0.0163413867388874,0.0354373362041647,0.0231761288717864,0.0682294042602168,0.0326944240757035,-0.0224618127920789,0.0321061516206878,0.018467171192483,0.10805570146708,0.0850796337550003
HMDB0001509,0,0.000213070625019593,0.00394221888246123,0.0045517295222497,0.00104577407385436,0.000324596867058545,0.00225366286698891,0.00100999363202356,0.00574367543670179,0.000451862741756881
HMDB0001511,0.00229904238003188,0.0170650115954277,0.00527510856146009,0.119547341623865,0.00441530922233994,0.00828794231803301,0.00528340717159689,0.0996297204205841,0.423088741902978,0.0166644137242767
HMDB0001527,0.137505642816651,0.364169623379652,0.283810176402242,0.63136662574079,0.225431332225779,0.495235123904996,0.121485158462268,0.626018246093254,0.455564545511918,0.30909222015693
HMDB0001532,-0.0101512610706317,0.0493607444145463,-0.011335189996466,0.098436660007698,-0.012193574229884,0.0349681016722178,-0.0179678847150925,0.0826258370353684,0.049922137979417,-0.0429034377907575
HMDB0001533,-0.0209204431926661,0.047608507845622,-0.027022961242783,0.0260410685224382,-0.0212072335965292,-0.00549219766108369,-0.0221030633127481,0.0883580360310075,0.299494662299425,-0.0253863006052683
HMDB0001551,0.0190985282036156,-0.0457027309617532,-0.0541048858622207,0.091359669415771,0.0183021956914689,-0.00418703162671559,0.0339421841726004,0.0368520760603519,-0.0508896976670488,0.0411767353816806
HMDB0001553,0.0514873575476501,0.160000498056755,0.120925415119652,0.294705143230658,0.0934496331357925,0.241030425499037,0.0442170915846953,0.285150131239288,0.192453868023814,0.239162533349996
HMDB0001554,0.0509706660904037,0.0896918456856981,0.0467191054442922,0.105508211010881,0.0807737713784025,0.083210420270242,0.0579560449472392,0.165342638202393,0.125895801828382,0.123328602896441
HMDB0001564,-0.0175357108726908,0.00157020713122081,0.0155731681205501,0.0286909607483751,0.00274152889256837,0.00160125360102813,0.00513776558168444,0.01136461738153,0.0482425732041276,0.00363328565709319
HMDB0001565,0.0147614982908207,0.00482533632396614,0.0212882745249822,0.022107026190826,0.0201496118471186,0.120994604472979,0.00241786194681939,0.0231582691764687,0.0639634544466711,-0.0196939259682925
HMDB0001846,0.0211511849952545,-0.0124598376942813,-0.000419111097952003,0.00981598853176934,0.0229553371861472,0.0201875503354433,0.0189188405561051,-0.0311819026667448,-0.11143409718037,-0.0153327545359114
HMDB0001852,0.003999440536975,0.134768092054239,0.244875049368179,0.0757166841934364,0.00571591773368555,0.00529752560461201,0.00880697277547927,0.333116566425598,0.0110527458804683,0.200647639814683
HMDB0001870,0.0538892500200549,0.0995769567694881,0.0648692560991696,0.0981023608242935,0.0582862342595769,0.100055095435575,0.0630552138467353,0.207363682173451,0.271405664045208,0.1737012996591
HMDB0001903,9.22435016152042e-05,0.000105241114388301,0.000876212668942,0.000855098310721255,0.00146071046257951,0.00663585184635892,-0.00010521258354116,0.00594009697622146,-0.00126451202217251,0.00914086393614643
HMDB0001958,0.0496916465196025,0.0661754280174839,0.0578846018506701,0.0416080061692186,0.057385114145753,0.0364031629126177,0.0588565477203675,0.0516693965649343,0.0385351942686437,0.035674815467258
HMDB0001967,0.0456595070447265,0.0822986267953669,0.0583132186661022,0.0510353778899165,0.0486183620470077,0.0539584689231352,0.0556698577806975,0.024468602459055,0.129965343741186,0.0706549046672764
HMDB0001993,0.00090056704341035,0.0336632783680062,0.0230969181715013,0.0354601002187363,0.00267387880554206,0.00807291196191098,0.00231990263435278,0.0609595948543609,0.0385611427172901,0.0931898168997953
HMDB0001999,0.00689250855014561,0.0281269783804966,0.141043413374305,0.0320803151693412,0.0194113970421895,0.045293274991673,0.0315630147828318,0.0315218921848649,0.107679344628042,0.0982968350298069
HMDB0002024,0.0514481513864959,0.25837293640981,0.0674509654287552,0.21267934411251,0.049343705359135,0.126989492587131,0.0529405273945527,0.273983346525493,0.170376167016284,0.326643131823153
HMDB0002054,0.127549700802665,0.195718521875311,0.15092857239643,0.180991464651213,0.127837731186924,0.14617933031921,0.11253975753874,0.195337287198236,0.207786758905536,0.188608507126599
HMDB0002064,0.769961279076655,0.741404232530445,0.803043509825716,1.19176518271126,0.657289161124093,0.844653740401001,0.658004563305566,0.962767959758877,0.629285516777998,1.69295056972592
HMDB0002103,0.00443487893844411,0.0849062258268998,-0.00399161950698572,0.0455064337108362,0.00590043842431559,0.0116571149280482,0.0136158385897236,0.156733331685218,0.414543789906119,0.384965481934595
HMDB0002104,0.0589544988742816,0.124519726924379,0.119173921547262,0.174110666902591,0.088663096018323,0.0599913995687435,0.134399877811042,0.343336679203353,0.410330487219028,0.131631450386588
HMDB0002111,0.0231358516613817,0.0488115742967491,0.0607439664593294,0.0860658269122066,0.0253572414709114,0.0260580884623253,0.0197268851975196,0.0882871239231898,0.0737790914519559,0.0759058729940392
HMDB0002158,0.0809586024409629,0.226154824517693,0.0920323336191521,0.214821767346408,0.0908281983784657,0.149005547708033,0.101459202657747,0.2592717225071,0.295116987692183,0.183388651345384
HMDB0002159,0.103750069311324,0.209761201248458,0.148208341957196,0.218378165871572,0.139703837999894,0.182811898643062,0.16791067960834,0.215991279003809,0.335407232164857,0.268696734423589
HMDB0002178,0.0311122543872537,0.0403704301831492,0.0391844984053276,0.0552952502204201,0.043006161991932,0.0395684963728655,0.0323313517535052,0.0506216667508265,0.104537590152166,0.0316588439530244
HMDB0002183,0.00689250855014561,0.0281269783804966,0.141043413374305,0.0320803151693412,0.0194113970421895,0.045293274991673,0.0315630147828318,0.0315218921848649,0.107679344628042,0.0982968350298069
HMDB0002197,0,0,0.000154219058471662,0.000162361811767776,0.000156884565686467,0,0,6.4234371920884e-05,0.00162080626624212,0
HMDB0002212,0.00689250855014561,0.0281269783804966,0.141043413374305,0.0320803151693412,0.0194113970421895,0.045293274991673,0.0315630147828318,0.0315218921848649,0.107679344628042,0.0982968350298069
HMDB0002275,0.00365519883476219,0.0110013318045234,0.00106920058054886,0.0685928804462843,0.00207179862282034,0.000463707143770507,0.000953160847253844,0.00690281353509202,0.000599938953773669,0.00140906919981981
HMDB0002307,0.178554550297959,0.260739377084947,0.200323521940329,0.228073069857434,0.168604929889836,0.201396593867571,0.147771411776318,0.260102888374498,0.272378434742247,0.246932808263923
HMDB0002369,0.00413155246709952,0.134768092054239,0.244929842604542,0.0798579064370238,0.00604153554671892,0.00529752560461201,0.00883410818785963,0.334119646301941,0.0122950885249645,0.200958916457504
HMDB0002666,0.0642497139140701,0.231774635728047,0.0879934428715919,0.235671755308435,0.0803378394458021,0.0736704688588279,0.0703016905472848,0.240322227234379,0.334016522727036,0.155849200588023
HMDB0002704,0.00788688311356998,0.0250776654140114,0.0106511073823523,0.0419905434172318,0.0249667787410815,0.0397779566003734,0.0200354448720228,0.0739106256908231,0.0164334458820042,0.0412460950565549
HMDB0002719,0.00949644183225292,0.0322168325145634,0.030532226381671,0.527212630452519,0.0185511177451776,0.0136448225544451,0.0210191606182653,0.0490426599797133,0.301469070679337,0.0823081782594033
HMDB0002802,0.000249213040011284,0.00049304710331452,7.7109529235831e-05,0.00021695916084482,0.000708584698681043,0.000473805220280504,0.000189893910516437,0.10209309172069,0.0283468253503028,0.00537751131229307
HMDB0002820,0.00128267337485251,0.0055435075090611,0.0177224247038957,0.0572377180417537,0.00205563316767175,0.00540128676120058,0.00178926455377918,0.0374586602880465,0.0228121771152127,0.0457813824690883
HMDB0002829,0.000132111930124518,0,5.47932363631315e-05,0.00414122224358736,0.000325617813033364,0,2.71354123803661e-05,0.00100307987634273,0.00124234264449619,0.000311276642821681
HMDB0002916,0,0.00374265900784881,0.00146370570296327,0.00370369273062203,0.000494292039746131,0,0.000284469006554785,0.00316789133210782,0.00654163170717259,0.000457181628328649
HMDB0002925,0.00689250855014561,0.0281269783804966,0.141043413374305,0.0320803151693412,0.0194113970421895,0.045293274991673,0.0315630147828318,0.0315218921848649,0.107679344628042,0.0982968350298069
HMDB0003073,0.00689250855014561,0.0281269783804966,0.141043413374305,0.0320803151693412,0.0194113970421895,0.045293274991673,0.0315630147828318,0.0315218921848649,0.107679344628042,0.0982968350298069
HMDB0003080,0.00546258802101633,0.0419219828949904,0.0144131570495173,0.0452499857425559,0.011972320656449,0.00670419700560671,0.00798741960280037,0.109142390132826,0.0272776196573076,0.00872840150098617
HMDB0003141,0.000132111930124518,0,5.47932363631315e-05,0.00414122224358736,0.000325617813033364,0,2.71354123803661e-05,0.00100307987634273,0.00124234264449619,0.000311276642821681
HMDB0003193,0.000132111930124518,0,5.47932363631315e-05,0.00414122224358736,0.000325617813033364,0,2.71354123803661e-05,0.00100307987634273,0.00124234264449619,0.000311276642821681
HMDB0003224,0.0150355294741345,0.0171402726913587,0.0318448165223314,0.037357595621701,0.0184931769187934,0.00826348958848402,0.0229706725479594,0.0160825340144549,0.0225439201645807,0.0284666215721867
HMDB0003288,-0.00596106220520874,-0.00266885834596986,-0.00315653336589818,0.0107613812951239,-0.000675279884426685,-0.004094182191787,-0.00108599817939758,0.0200450648813797,-0.00624729514060989,0.000653390022368289
HMDB0003337,-0.00603385493905783,0.0465406922637289,0.170498452545017,0.112031586917538,-0.0287344041733793,0.168012105297306,-0.0360029507373955,0.187415769931382,0.106956085347572,0.211564338436008
HMDB0003378,0.00040461860473562,0.0506128059768019,0.00565570057789813,0.00519223962573897,0.00213933099953024,0.00098778632368118,0.000383560219999526,0.00240443676694394,0.00844696739261717,0.00134006311790211
HMDB0003379,0.0679384250893214,0.174836594445416,0.0917567281763343,0.259529509391755,0.0680963811264577,0.101621280019857,0.0963316377390203,0.178463906971384,0.306751012345114,0.122369733582518
HMDB0003419,0.0496916465196025,0.0661754280174839,0.0578846018506701,0.0416080061692186,0.057385114145753,0.0364031629126177,0.0588565477203675,0.0516693965649343,0.0385351942686437,0.035674815467258
HMDB0003450,0,0,0,0.000791594688737679,0,0,0,0,0.000608156384720288,8.20145713889707e-05
HMDB0003474,0.000561850191835942,0,0.000486671017715785,0.0195255177681081,0.00125659640185776,0.000745480398432811,-0.000468881701589477,0.00141607955525832,0,0.000537098001039173
HMDB0003529,0.0191716176808652,0.0371700089583152,0.0203719468457264,0.0388267260144362,0.0227670846168843,0.0321305055877379,0.031880634767986,0.0282625642699945,0.216345407264701,0.0943091281865025
HMDB0003550,0.0200495810933565,0.0163687535648349,0.015576597109447,0.0150222780684766,0.0200246876458797,0.0107250922056415,0.0194000434950973,0.00988334298646044,0.0134857914846362,0.0111071650656657
HMDB0003585,0.00539668037216639,0.0124797523303669,0.0045850831468386,0.0243709174992601,0.00887633539689695,0.0065333579820377,0.0124268549384948,0.0285344981226887,0.021529931164794,0.0101918320509032
HMDB0003609,0.0012130027177933,0.00147935619978169,0.000561629026414511,0.00216940737960188,0.000706860641377538,0.00127774153197399,0.00164967606006001,0.00247673027462539,0.0105025376722963,0.0951110832224108
HMDB0003681,0.0514481513864959,0.25837293640981,0.0674509654287552,0.21267934411251,0.049343705359135,0.126989492587131,0.0529405273945527,0.273983346525493,0.170376167016284,0.326643131823153
HMDB0003712,0.0882919728733703,0.16075692316686,0.100192659984305,0.161757480971743,0.090110446314444,0.120677134841823,0.0825515986990751,0.162108662659822,0.163532583009918,0.140106227494791
HMDB0003767,-0.00054326984322864,0.102501621108484,0.233436283008124,0.0104493442019016,0.000242872031271464,-0.00452612385216675,-0.000293036120061196,0.11035147481867,-0.00889349407323215,-0.0364207845846596
HMDB0003791,-0.00054326984322864,0.102501621108484,0.233436283008124,0.0104493442019016,0.000242872031271464,-0.00452612385216675,-0.000293036120061196,0.11035147481867,-0.00889349407323215,-0.0364207845846596
HMDB0003840,0.00567668089664793,0.0500334999374739,0.010757098875047,0.0233175129984,0.0120845855178808,0.0847338383657913,0.00824162974204902,0.0213386336765174,-0.00298914203843841,0.00297858516497804
HMDB0003871,0.00261128303916833,0.000318509853662537,0.00544818115511406,0.0156080700122983,0.000589733150454139,0.00451228037582526,0,0.00566259619836676,0,0.00131090288779464
HMDB0003935,0.129171385131455,0.213151117070743,0.17054119393632,0.215485679221508,0.154015209579369,0.207311061230936,0.159656829131314,0.231158858442874,0.286456166047099,0.266960483649994
HMDB0003937,0.129171385131455,0.213151117070743,0.17054119393632,0.215485679221508,0.154015209579369,0.207311061230936,0.159656829131314,0.231158858442874,0.286456166047099,0.266960483649994
HMDB0003939,0.129171385131455,0.213151117070743,0.17054119393632,0.215485679221508,0.154015209579369,0.207311061230936,0.159656829131314,0.231158858442874,0.286456166047099,0.266960483649994
HMDB0003941,0.129171385131455,0.213151117070743,0.17054119393632,0.215485679221508,0.154015209579369,0.207311061230936,0.159656829131314,0.231158858442874,0.286456166047099,0.266960483649994
HMDB0003943,0.116460220649426,0.205686105800695,0.145929600159903,0.201101181552638,0.143070350662385,0.176725484113165,0.142657274335987,0.219091855500835,0.273895717706263,0.234757933102336
HMDB0003944,0.0653339943853535,0.0850289147761434,0.0790702576801292,0.0652601750104468,0.0681835261772428,0.0843935262648973,0.0588436209646705,0.0585338572863114,0.0688993197623891,0.0889670679890575
HMDB0003945,0.101310315284813,0.180392692263902,0.135699002039511,0.177444389537677,0.103043982003188,0.151195923241242,0.101081234230347,0.201978299952679,0.190878519554722,0.182966701052618
HMDB0003948,0.0959841509510772,0.153998576069665,0.110020996868984,0.150660092103627,0.0933452323995976,0.119217532312013,0.0826966230189279,0.1584065087024,0.158908641431195,0.149530070221514
HMDB0003949,0.0959841509510772,0.153998576069665,0.110020996868984,0.150660092103627,0.0933452323995976,0.119217532312013,0.0826966230189279,0.1584065087024,0.158908641431195,0.149530070221514
HMDB0004045,0.041822195923662,0.0916022018457731,0.0349744737529412,0.125230658754725,0.0491784957735202,0.0993716384274651,0.0452307112010407,0.0802688024318437,0.181482801064336,0.0648650614708169
HMDB0004058,0.474688718492555,0.435893596804867,0.505499156010475,0.738030667119421,0.428849828068009,0.739235743654401,0.409256504029709,0.555578215840499,0.794994736414383,0.669925845385136
HMDB0004061,-0.00042033019609192,0.197297501882759,0.483909011749629,0.0765297106139414,0.00170579852533027,-0.00431180551605243,0.000619321871450571,0.0990529812519346,0.00502518896874836,-0.0399916628252362
HMDB0004062,0,0,0,0.00176385590186376,0.000210685734322047,0,0,0.175162107853655,0.00293176901765204,7.05427513078273e-05
HMDB0004063,0.12778789108926,0.3314947381778,-0.204430401142115,0.559027689131071,0.186106007041809,0.677300077643775,0.234437098853557,0.499628478988792,0.860535735013636,0.921261569877933
HMDB0004077,0.000862343178760593,0.20284100939182,0.501631436453525,0.133767428655695,0.00376143169300201,0.00108948124514815,0.00240858642522975,0.136511641539981,0.027837366083961,0.00578971964385214
HMDB0004083,0.0247535790261105,0.0286756795736509,0.0269640963655827,0.0312218606616058,0.0336482590411908,0.0264871694153713,0.0217994898289445,0.0442248811182035,0.0497343404135629,0.0287722336630185
HMDB0004089,0.126860744815783,-0.0898489558111419,0.00817399749142273,-0.0764148919606951,-0.00397248629783551,0.146360533093001,0.00209599794515685,-0.0494042972152935,-0.443988792157949,0.342138162390326
HMDB0004096,0.00102079702584793,0,0,0,0.0015843542032698,0,0.00128794695054546,0,0,0
HMDB0004119,0.0301235776484777,0.0640390529254894,0.0399896544859361,0.238167197060141,0.0172634168614331,0.13401370959697,0.014861012981641,0.159490913203772,0.111787541553578,0.116672244143411
HMDB0004181,-0.00042033019609192,0.197297501882759,0.483909011749629,0.0765297106139414,0.00170579852533027,-0.00431180551605243,0.000619321871450571,0.0990529812519346,0.00502518896874836,-0.0399916628252362
HMDB0004243,0,0,0,0,0,0,0,0,0,0.000198078697251172
HMDB0004259,0.00173245584403759,0.10957380834478,0.000680607286703468,0.0159681191940844,0.00146277194822182,0.00253998903427892,0.00137557986992076,0.0053726785314059,0.00124069071482771,0.0176183597910192
HMDB0004366,0.0871187413402611,0.110054560816174,0.0893667154206691,0.18536137881832,0.102633556998282,0.155975852304581,0.106262391755344,0.120547539360048,0.16315314931637,0.092586991460754
HMDB0004369,0.00114157183832943,0.157193942370048,0.00839909485187593,0.00398656617443525,0.00128477402489736,0.0025131776858587,0.00169021250508951,0.592199282307556,0,0.00160557444135847
HMDB0004483,0.000132111930124518,0,5.47932363631315e-05,0.00414122224358736,0.000325617813033364,0,2.71354123803661e-05,0.00100307987634273,0.00124234264449619,0.000311276642821681
HMDB0004484,0.000132111930124518,0,5.47932363631315e-05,0.00414122224358736,0.000325617813033364,0,2.71354123803661e-05,0.00100307987634273,0.00124234264449619,0.000311276642821681
HMDB0004586,0.0385096275993375,0.298914919574032,0.073162814276289,0.251240276453387,0.0304344728437481,0.169564532896709,0.0387146802235412,0.301710237787197,0.177266582338908,0.472805966393969
HMDB0005175,-0.00042033019609192,0.197297501882759,0.483909011749629,0.0765297106139414,0.00170579852533027,-0.00431180551605243,0.000619321871450571,0.0990529812519346,0.00502518896874836,-0.0399916628252362
HMDB0006219,0.00413155246709952,0.134768092054239,0.244929842604542,0.0798579064370238,0.00604153554671892,0.00529752560461201,0.00883410818785963,0.334119646301941,0.0122950885249645,0.200958916457504
HMDB0006224,0.000132111930124518,0,5.47932363631315e-05,0.00414122224358736,0.000325617813033364,0,2.71354123803661e-05,0.00100307987634273,0.00124234264449619,0.000311276642821681
HMDB0006228,0,0.000593759065502864,0.000125024353794162,0.0152398995347343,0.000289614942970936,0,0.000617983746834623,0.00183614638526307,0.00250480411349772,0.000170952572981661
HMDB0006235,0.0129721213073841,0.271426183218379,0.0382520947530116,0.0135146587081605,-0.111007922945906,-0.162257183705639,-0.0621754051885538,0.0506804743862671,0.43505668618398,0.030997085248816
HMDB0006236,-0.00054326984322864,0.102501621108484,0.233436283008124,0.0104493442019016,0.000242872031271464,-0.00452612385216675,-0.000293036120061196,0.11035147481867,-0.00889349407323215,-0.0364207845846596
HMDB0006242,0.0186753917938032,0.0754909539173724,0.129593749573303,0.0211678210742454,0.0263295800100277,0.0170318766997256,0.028073880787534,0.217816679034406,0.00640626710318982,-0.0188535176449334
HMDB0006247,0.00140076135608338,0.0201931258618904,-0.0420918388518047,0.051650826165223,0.00727257080902018,0.00906517064365117,0.00453414229349715,0.0473761591019999,-0.00977499394483808,0.0576629898978385
HMDB0006260,0.119515773619718,0.170626354759894,0.150206127584894,0.161731507951785,0.132910454126013,0.167736059401681,0.105144795829552,0.183211737356962,0.146893587883409,0.185953682039677
HMDB0006272,0,0,0,0,0,0,0,0.00013728857703352,0,5.27464435115948e-05
HMDB0006283,0,-0.00052101035054563,0.000227907044845094,0.000451300003064625,-0.000137784025352339,0,-0.000111985082077341,0.0042942615006932,0,-0.000579367713532495
HMDB0006334,0.0333666465704471,0.13590455821652,0.139401473058588,0.123765405347201,0.0657019536132703,0.0389924596917632,0.0573022444657811,0.152651309721519,0.577010710783978,0.180723049784036
HMDB0006402,0.129171385131455,0.213151117070743,0.17054119393632,0.215485679221508,0.154015209579369,0.207311061230936,0.159656829131314,0.231158858442874,0.286456166047099,0.266960483649994
HMDB0006406,0.0247016124139836,0.088227422904609,0.0518514589565909,0.101464670565225,0.0392369413617834,0.0501678594475631,0.0494714674451374,0.316833286131862,0.0513431195094667,0.230641130430965
HMDB0006454,0.00154783521592937,0.0236576569621612,0.0330572422642433,0.0898987724995906,0.00666837504989216,0.00869050836731227,0.00224469511856265,0.0668815466250719,0.112403085693785,0.00854470653498058
HMDB0006555,0.153982616632316,0.182338533711468,0.1607400234227,0.303337646481284,0.196598630690565,0.281358569983752,0.252353151998801,0.266598025435823,0.294391701878377,0.301582264639979
HMDB0006556,0.0011285504849465,0.00868085289951812,0.00769544351795166,0.0151791474991632,0.00163364103537384,0.00648663582846821,0.00125902836565259,0.008467497604025,0.00955001513761789,0.00760833849106776
HMDB0006766,0.000132111930124518,0,5.47932363631315e-05,0.00414122224358736,0.000325617813033364,0,2.71354123803661e-05,0.00100307987634273,0.00124234264449619,0.000311276642821681
HMDB0006773,0.0327485217910981,0.0989215639575757,0.111150310793107,0.126465567546647,0.0381091024717748,0.0600528020988135,0.0336035437316657,-0.119242319434567,0.0361820205623311,0.0452777237363931
HMDB0006839,0.00949644183225292,0.0322168325145634,0.030532226381671,0.527212630452519,0.0185511177451776,0.0136448225544451,0.0210191606182653,0.0490426599797133,0.301469070679337,0.0823081782594033
HMDB0006840,0.00949644183225292,0.0322168325145634,0.030532226381671,0.527212630452519,0.0185511177451776,0.0136448225544451,0.0210191606182653,0.0490426599797133,0.301469070679337,0.0823081782594033
HMDB0006872,0.0729167077613363,0.167771395571292,0.0884208945363747,0.170643344916134,0.0838679815906069,0.16474317345793,0.0851219003147343,0.155298743487679,0.154487787240444,0.157683899095261
HMDB0006875,0,0,0,0,0,0,0,0.00013728857703352,0,5.27464435115948e-05
HMDB0006887,0,0,-0.000154219058471662,0.00384240427598896,0.000506779430237641,0,0,-6.4234371920884e-05,-0.00162080626624212,0
HMDB0006889,0.0283656783150455,0.0644135966391076,0.098966453704088,0.118576196435901,0.0184488575916932,0.0708052753174684,0.0226953735975684,0.0919349008361504,0.226238984797035,0.109104223323586
HMDB0006891,0.193712534514495,0.425222183401823,0.385156388996542,0.473912656753925,0.237238776734062,0.304039262322248,0.331371854253409,0.426834210466607,0.513504332317504,0.470926923558063
HMDB0006892,0,0,-0.000154219058471662,0.00384240427598896,0.000506779430237641,0,0,-6.4234371920884e-05,-0.00162080626624212,0
HMDB0011104,0.036353632591991,0.231770725904471,0.0541073901803778,0.131963112678102,0.0269732646900052,0.0292196680593168,0.0245105163238484,0.157107685503061,0.234624653021361,0.181644697960229
HMDB0011118,0.0129117477282467,0.0305398712917388,0.047298130512488,-0.0443563639019975,0.0173829964273986,-0.0193726917660858,0.0254384619029354,0.0212124801033657,0.0316726226392852,0.0746810843570187
HMDB0011123,0.0388416239555959,0.131795036845078,0.0407590390080322,0.144549230446752,0.0521131031426873,0.0862424584290876,0.0557735962729227,0.121000104049112,0.122838702727033,0.0711818379073777
HMDB0011134,0.131359233384325,0.454903174418929,0.284024813826149,0.330612626759485,0.107207351989372,0.453196954792244,0.0804193734290202,0.411122731344834,0.113905300666373,0.517287569114284
HMDB0012715,0.104488278799606,0.464065214833165,0.560399013901075,0.320162231966436,0.102108582102139,0.220342302463932,0.0787571871687229,0.341305150668261,0.371493644955548,0.239061233611251
HMDB0012819,0.0131679677502983,0.0565374641338398,0.00516052702068753,0.0603589119740306,0.00413789708512789,0.00758174505845754,0.0036041774626824,0.033770400663839,0.223884740051743,0.0205641022575652
HMDB0012880,0.0610330878051882,0.0273082770860345,0.0106310071363829,0.0193633497673231,0.0195203097637683,0.031492705236724,0.0196154231912988,0.0291509002669889,0.0973680622752869,0.0318990010309403
HMDB0012948,0.00173245584403759,0.10957380834478,0.000680607286703468,0.0159681191940844,0.00146277194822182,0.00253998903427892,0.00137557986992076,0.0053726785314059,0.00124069071482771,0.0176183597910192
HMDB0015531,0.718035354636855,0.785506340813143,1.08125279252405,1.04090039393082,0.738525425765052,0.837567970568682,0.744461296453697,0.902844990229329,1.1331104368177,1.29592899728565
