CellType,Marker,Reference,doi,Note
crypt_top_colonocytes,OTOP2,Bob_Chen_2021,doi:_10.1016/j.cell.2021.11.031.,CT
crypt_top_colonocytes,MEIS1,Bob_Chen_2021,doi:_10.1016/j.cell.2021.11.031.,CT
absorptive_cells,KRT20,Bob_Chen_2021,doi:_10.1016/j.cell.2021.11.031.,ABS
absorptive_cells,GUCA2A,Bob_Chen_2021,doi:_10.1016/j.cell.2021.11.031.,ABS
absorptive_cells,ALDOB,Bob_Chen_2021,doi:_10.1016/j.cell.2021.11.031.,ABS
serrated-specific_cells,MSLN,Bob_Chen_2021,doi:_10.1016/j.cell.2021.11.031.,SSC
serrated-specific_cells,MUC5AC,Bob_Chen_2021,doi:_10.1016/j.cell.2021.11.031.,SSC
serrated-specific_cells,AQP5,Bob_Chen_2021,doi:_10.1016/j.cell.2021.11.031.,SSC
serrated-specific_cells,TACSTD2,Bob_Chen_2021,doi:_10.1016/j.cell.2021.11.031.,SSC
serrated-specific_cells,FSCN1,Bob_Chen_2021,doi:_10.1016/j.cell.2021.11.031.,SSC
serrated-specific_cells,TFF2,Bob_Chen_2021,doi:_10.1016/j.cell.2021.11.031.,SSC
serrated-specific_cells,ANXA1,Bob_Chen_2021,doi:_10.1016/j.cell.2021.11.031.,SSC
serrated-specific_cells,ANXA10,Bob_Chen_2021,doi:_10.1016/j.cell.2021.11.031.,SSC
serrated-specific_cells,REG4,Bob_Chen_2021,doi:_10.1016/j.cell.2021.11.031.,SSC
serrated-specific_cells,MUC17,Bob_Chen_2021,doi:_10.1016/j.cell.2021.11.031.,SSC
serrated-specific_cells,S100P,Bob_Chen_2021,doi:_10.1016/j.cell.2021.11.031.,SSC
serrated-specific_cells,GSDMB,Bob_Chen_2021,doi:_10.1016/j.cell.2021.11.031.,SSC
serrated-specific_cells,GSDMD,Bob_Chen_2021,doi:_10.1016/j.cell.2021.11.031.,SSC
serrated-specific_cells,IL18,Bob_Chen_2021,doi:_10.1016/j.cell.2021.11.031.,SSC
serrated-specific_cells,RELB,Bob_Chen_2021,doi:_10.1016/j.cell.2021.11.031.,SSC
serrated-specific_cells,MDK,Bob_Chen_2021,doi:_10.1016/j.cell.2021.11.031.,SSC
serrated-specific_cells,RARA,Bob_Chen_2021,doi:_10.1016/j.cell.2021.11.031.,SSC
serrated-specific_cells,RXRA,Bob_Chen_2021,doi:_10.1016/j.cell.2021.11.031.,SSC
serrated-specific_cells,AHR,Bob_Chen_2021,doi:_10.1016/j.cell.2021.11.031.,SSC
serrated-specific_cells,AGRN,Bob_Chen_2021,doi:_10.1016/j.cell.2021.11.031.,SSC
serrated-specific_cells,PDX1,Bob_Chen_2021,doi:_10.1016/j.cell.2021.11.031.,SSC
adenoma-specific_cells,CLDN2,Bob_Chen_2021,doi:_10.1016/j.cell.2021.11.031.,ASC
adenoma-specific_cells,CD44,Bob_Chen_2021,doi:_10.1016/j.cell.2021.11.031.,ASC
adenoma-specific_cells,AXIN2,Bob_Chen_2021,doi:_10.1016/j.cell.2021.11.031.,ASC
adenoma-specific_cells,RNF43,Bob_Chen_2021,doi:_10.1016/j.cell.2021.11.031.,ASC
adenoma-specific_cells,TGFBI,Bob_Chen_2021,doi:_10.1016/j.cell.2021.11.031.,ASC
adenoma-specific_cells,EPHB2,Bob_Chen_2021,doi:_10.1016/j.cell.2021.11.031.,ASC
adenoma-specific_cells,TEAD2,Bob_Chen_2021,doi:_10.1016/j.cell.2021.11.031.,ASC
adenoma-specific_cells,CDX2,Bob_Chen_2021,doi:_10.1016/j.cell.2021.11.031.,ASC
stem_cells,LGR5,Bob_Chen_2021,doi:_10.1016/j.cell.2021.11.031.,STM
stem_cells,OLFM4,Bob_Chen_2021,doi:_10.1016/j.cell.2021.11.031.,STM
stem_cells,ASCL2,Bob_Chen_2021,doi:_10.1016/j.cell.2021.11.031.,STM
transit_amplifying_cells,PCNA,Bob_Chen_2021,doi:_10.1016/j.cell.2021.11.031.,TAC
transit_amplifying_cells,MKI67,Bob_Chen_2021,doi:_10.1016/j.cell.2021.11.031.,TAC
goblet_cells,ATOH1,Bob_Chen_2021,doi:_10.1016/j.cell.2021.11.031.,GOB
goblet_cells,MUC2,Bob_Chen_2021,doi:_10.1016/j.cell.2021.11.031.,GOB
goblet_cells,TFF3,Bob_Chen_2021,doi:_10.1016/j.cell.2021.11.031.,GOB
enteroendocrine_cells,CHGA,Bob_Chen_2021,doi:_10.1016/j.cell.2021.11.031.,EE
enteroendocrine_cells,NEUROD1,Bob_Chen_2021,doi:_10.1016/j.cell.2021.11.031.,EE
tuft_cells,POU2F3,Bob_Chen_2021,doi:_10.1016/j.cell.2021.11.031.,TUF
tuft_cells,SOX9,Bob_Chen_2021,doi:_10.1016/j.cell.2021.11.031.,TUF
DCLK1_plus_Progenitor,DCLK1,Shuai_Gao_2018,doi.org/10.1038/s41556-018-0105-4,NA
DCLK1_plus_Progenitor,SPARC,Shuai_Gao_2018,doi.org/10.1038/s41556-018-0105-4,NA
DCLK1_plus_Progenitor,MGP,Shuai_Gao_2018,doi.org/10.1038/s41556-018-0105-4,NA
MKI67_plus_Progenitor,HEG1,Shuai_Gao_2018,doi.org/10.1038/s41556-018-0105-4,NA
MKI67_plus_Progenitor,MKI67,Shuai_Gao_2018,doi.org/10.1038/s41556-018-0105-4,NA
MKI67_plus_Progenitor,CDK1,Shuai_Gao_2018,doi.org/10.1038/s41556-018-0105-4,NA
PROM1High_Progenitor,PTGS1,Shuai_Gao_2018,doi.org/10.1038/s41556-018-0105-4,NA
PROM1High_Progenitor,PROM1,Shuai_Gao_2018,doi.org/10.1038/s41556-018-0105-4,NA
PROM1High_Progenitor,CCBE1,Shuai_Gao_2018,doi.org/10.1038/s41556-018-0105-4,NA
PROM1High_Progenitor,ARMC9,Shuai_Gao_2018,doi.org/10.1038/s41556-018-0105-4,NA
PROM1Low_Progenitor,LRIG1,Shuai_Gao_2018,doi.org/10.1038/s41556-018-0105-4,NA
PROM1Low_Progenitor,SGCA,Shuai_Gao_2018,doi.org/10.1038/s41556-018-0105-4,NA
PROM1Low_Progenitor,ALCAM,Shuai_Gao_2018,doi.org/10.1038/s41556-018-0105-4,NA
LGR5_plus_Stem_Cells,LGR5,Shuai_Gao_2018,doi.org/10.1038/s41556-018-0105-4,NA
LGR5_plus_Stem_Cells,SOX9,Shuai_Gao_2018,doi.org/10.1038/s41556-018-0105-4,NA
LGR5_plus_Stem_Cells,OLFM4,Shuai_Gao_2018,doi.org/10.1038/s41556-018-0105-4,NA
LGR5_plus_Stem_Cells,CA2,Shuai_Gao_2018,doi.org/10.1038/s41556-018-0105-4,NA
LGR5_plus_Stem_Cells,LEFTY1,Shuai_Gao_2018,doi.org/10.1038/s41556-018-0105-4,NA
Secretory_Progenitor,DLL1,Shuai_Gao_2018,doi.org/10.1038/s41556-018-0105-4,NA
Secretory_Progenitor,SPINK4,Shuai_Gao_2018,doi.org/10.1038/s41556-018-0105-4,NA
Secretory_Progenitor,STAB1,Shuai_Gao_2018,doi.org/10.1038/s41556-018-0105-4,NA
Goblet_Progenitor,TFF3,Shuai_Gao_2018,doi.org/10.1038/s41556-018-0105-4,NA
Goblet_Progenitor,ZG16,Shuai_Gao_2018,doi.org/10.1038/s41556-018-0105-4,NA
Goblet_Progenitor,SPDEF,Shuai_Gao_2018,doi.org/10.1038/s41556-018-0105-4,NA
Goblet_Progenitor,CHGA,Shuai_Gao_2018,doi.org/10.1038/s41556-018-0105-4,NA
Goblet_Progenitor,FOXA3,Shuai_Gao_2018,doi.org/10.1038/s41556-018-0105-4,NA
Goblet_Cell,CDH1,Shuai_Gao_2018,doi.org/10.1038/s41556-018-0105-4,NA
Goblet_Cell,REG4,Shuai_Gao_2018,doi.org/10.1038/s41556-018-0105-4,NA
Goblet_Cell,ZG16,Shuai_Gao_2018,doi.org/10.1038/s41556-018-0105-4,NA
Enteroendocrine,PYY,Shuai_Gao_2018,doi.org/10.1038/s41556-018-0105-4,NA
Enteroendocrine,ANKED20A9P,Shuai_Gao_2018,doi.org/10.1038/s41556-018-0105-4,NA
Enteroendocrine,FRAS1,Shuai_Gao_2018,doi.org/10.1038/s41556-018-0105-4,NA
Enterocyte_Cell,AQP8,Shuai_Gao_2018,doi.org/10.1038/s41556-018-0105-4,NA
Enterocyte_Cell,SI,Shuai_Gao_2018,doi.org/10.1038/s41556-018-0105-4,NA
Enterocyte_Cell,LAD1,Shuai_Gao_2018,doi.org/10.1038/s41556-018-0105-4,NA
Paneth-Like_Cell,LYZ,Shuai_Gao_2018,doi.org/10.1038/s41556-018-0105-4,NA
Paneth-Like_Cell,PLA2G7,Shuai_Gao_2018,doi.org/10.1038/s41556-018-0105-4,NA
Paneth-Like_Cell,SRGN,Shuai_Gao_2018,doi.org/10.1038/s41556-018-0105-4,NA
hypoxiacell,HIF1A,jimmy,,NA
hypoxiacell,SLC2A1,jimmy,,NA
hypoxiacell,VEGFA,jimmy,,NA
hypoxiacell,HMOX1,jimmy,,NA
hypoxiacell,BNIP3,jimmy,,NA
hypoxiacell,NOS2,jimmy,,NA
hypoxiacell,MMP2,jimmy,,NA
hypoxiacell,SOD3,jimmy,,NA
hypoxiacell,CITED2,jimmy,,NA
hypoxiacell,LDHA,jimmy,,NA

