"SLCO2A1","SLCO2A1_level","la_score"
0,"-",0.0148767067454657
0,"-",0
0,"-",0.479315263908702
0.573774226972906,"+",0.365600163032403
0,"-",0
3.08842121987844,"+",0.367638068066028
0,"-",0
0,"-",0
1.42301346208277,"+",0
0,"-",0
1.4181718196611,"+",0
0,"-",0
1.47459645912824,"+",0.220908905644997
0,"-",0.318524556755655
0,"-",0.45669451803546
0,"-",0
0,"-",0
1.33674261035688,"+",0.352965151823925
0,"-",0.215814143060933
0,"-",0.38699816588547
0,"-",0
0,"-",0
0,"-",0
1.66930699635023,"+",0
0,"-",0
0,"-",0.396576319543509
2.82472072401056,"+",0
0,"-",0
1.45339535345086,"+",0.399429386590585
0,"-",0
0,"-",0.397799062563685
0,"-",0.365600163032403
0,"-",0.372936621153454
0,"-",0
0,"-",0.678214795190544
1.46046730918825,"+",0.426737314041166
2.11788137394577,"+",0.289178724271449
2.03456657545104,"+",0
0,"-",0.459751375585898
0,"-",0.368860811086203
3.08476409300719,"+",0
0,"-",0
3.03599117597002,"+",0
2.06162254239992,"+",0.449969431424496
1.46967931789398,"+",0
2.37635818765399,"+",0
0,"-",0.4102302832688
2.11873968172633,"+",0
2.64478693653227,"+",0.054004483391074
0,"-",0.262889749337681
0,"-",0
2.70929553127561,"+",0
2.01010809137879,"+",0
1.34581415361639,"+",0.450580802934583
0,"-",0.877521907479112
3.2677621845069,"+",0
0,"-",0.361116771958427
2.21520258963163,"+",0
2.28207713673916,"+",0.177705318932138
0,"-",0
0,"-",0
0,"-",0
2.33658009824673,"+",0.436926839209293
1.82327557732498,"+",0.325453433869982
2.10469630733118,"+",0.14102302832688
2.12520704909252,"+",0
0,"-",0.91991033217852
0,"-",0.100061137151009
2.85532106230035,"+",0
0,"-",0.463623395149786
0,"-",0.471367434277563
2.05684853102173,"+",0
2.39426682179279,"+",0.466680252700224
1.63576237807664,"+",0.182188710006114
0,"-",0
2.6788631072448,"+",0
0,"-",0.326064805380069
1.83181536916638,"+",0.432239657631954
2.23694740393301,"+",0
0,"-",0.196861626248217
1.69224146822582,"+",0.465661300183411
2.22030946179844,"+",0
0,"-",0
3.35692607791887,"+",0
0,"-",0
2.89074961544836,"+",0
0,"-",0.348074179743224
2.2058037184276,"+",0.374363154676992
0,"-",0
1.73147862064088,"+",0.414102302832688
0,"-",0
2.25546304997313,"+",0
0,"-",0.524352965151824
0,"-",0
2.14960885591511,"+",0.191155492154066
1.61781020413363,"+",0.287955981251274
0,"-",0
0,"-",0
0,"-",0
0,"-",0.827389443651926
1.20983792377833,"+",0
2.36492133554336,"+",0.309761565111066
0,"-",0
2.21884704134939,"+",0
3.39049660996152,"+",0
0.963659343840292,"+",0.225392296718973
0,"-",0
0,"-",0.0965966985938455
0,"-",0.304870593030365
1.97043442021444,"+",0.140819237823517
0,"-",0
0.46149344080973,"+",0.382922355818219
0,"-",0
0,"-",0
0,"-",0.180558385979213
0,"-",0.267576930915019
1.73762719249798,"+",0.419400855920114
0,"-",0
0,"-",0
0,"-",0
0,"-",0.466272671693499
2.3215222940138,"+",0
2.34392956406498,"+",0
2.57199359828721,"+",0
1.95609318492501,"+",0
0,"-",0
2.5838011126144,"+",0
1.95713651911897,"+",0.397595272060322
2.31245433874836,"+",0.325453433869982
3.05089391515557,"+",0.38862848991237
0,"-",0.363562257998777
0,"-",0
1.60164370269758,"+",0.572243733442022
1.81548135419864,"+",0
0,"-",0
2.46359024969614,"+",0.746077032810271
2.31081633660997,"+",0.440187487263094
0,"-",0
1.26962249442354,"+",0.285714285714286
0,"-",0.232321173833299
2.00120329370749,"+",0
0,"-",0
2.11232513354973,"+",0
3.12408724813577,"+",0
0,"-",0
0,"-",0
2.13896399210728,"+",0
0,"-",0
0,"-",0
0,"-",0.436111677195843
1.70482991525529,"+",0.328917872427145
0,"-",0
1.37654907291002,"+",0.0721418381903403
1.99130826597491,"+",0.455471775015284
1.54138858559963,"+",0.428775219074791
2.81630855691698,"+",0
0,"-",0.398614224577135
1.52192180973589,"+",0
2.20988713266972,"+",0.261667006317506
1.79845741791218,"+",0
2.27206758863022,"+",0
1.84627595203225,"+",0.366415325045853
0,"-",0
0,"-",0
0,"-",0.660688811901365
1.70926277259295,"+",0.380476869777868
2.65887483659063,"+",0.355206847360913
0.832809280516499,"+",0.784797228449154
1.53051695045905,"+",0
0,"-",0
2.06763174829063,"+",0
2.97136368253703,"+",0.343794579172611
0,"-",0
2.02081916795289,"+",0.397595272060322
1.91009641529294,"+",0.172406765844712
2.93183297968347,"+",0
0,"-",0
0,"-",0.760953739555737
0,"-",0.406562054208274
0,"-",0
2.23408840585968,"+",0
0,"-",0.144691257387406
0,"-",0.667821479519054
0,"-",0.469329529243937
1.42781341849908,"+",0.441002649276544
2.01685551058656,"+",0.357448542897901
1.87843203544026,"+",0
0,"-",0.283880171184023
0,"-",0.458936213572448
0,"-",0
1.08325160854362,"+",0.183003872019564
2.18733050369102,"+",0.724679029957204
1.83689930522053,"+",0.317505604238842
0,"-",0.177501528428775
0,"-",0.619930711228857
2.86619337374153,"+",0
2.26083196636483,"+",0.72834725901773
0,"-",0.760342368045649
1.95262582117833,"+",0
1.16800634500944,"+",0
1.57971339318672,"+",0.390055023435908
1.5480586557117,"+",0.459547585082535
1.49734649054737,"+",0.371917668636642
0,"-",0
0,"-",0
0,"-",0.561035255757082
0,"-",0.406765844711636
0,"-",0.42225392296719
0,"-",0.438353372732831
0,"-",0.70593030364785
1.1945361536712,"+",0.279192989606684
0,"-",0
0.958276947172708,"+",0.756062767475036
1.27610125062386,"+",0.604646423476666
0,"-",0.43346240065213
2.21884704134939,"+",0
0,"-",0
0,"-",0
1.38884979279988,"+",0.756877929488486
1.76880011373128,"+",0
0,"-",0.289382514774811
0,"-",0.2355818218871
0,"-",0
0,"-",0.25962910128388
1.52486783772684,"+",0
0,"-",0.380680660281231
0,"-",0.357652333401264
0,"-",0
0,"-",0
0.534716114571975,"+",0.495618504177705
0,"-",0.384552679845119
0,"-",0.805787650295496
0,"-",0.251273690646016
0,"-",0
0,"-",0.406358263704911
0,"-",0.464846138169961
0,"-",0.254126757693092
0,"-",0.809252088852659
0,"-",0.283065009170573
1.55804594130162,"+",0.281434685143672
2.39926002598991,"+",0.369268392092928
0,"-",0.359486447931526
0,"-",0.439779906256368
0,"-",0.37823517424088
0,"-",0.215610352557571
1.79929908775394,"+",0.396780110046872
1.79803695374719,"+",0.364988791522315
2.03746185594607,"+",0.285306704707561
0,"-",0.356429590381088
0,"-",0
2.12715767699375,"+",0
1.76826240437732,"+",0.722233543916853
1.19969651259972,"+",0.642347666598737
1.78698381180541,"+",0.303240269003464
0,"-",0.417362950886489
0,"-",0.378846545750968
1.94883010990704,"+",0.448135316894233
0,"-",0.744650499286733
0,"-",0
0,"-",0.42225392296719
0,"-",0.498879152231506
0,"-",0
0,"-",0.819034033014062
0,"-",0
0,"-",0.335642959038109
0,"-",0.396576319543509
0,"-",0.598328917872427
0,"-",0
2.1651660828208,"+",0
0,"-",0.678214795190544
0,"-",0.733849602608518
0,"-",0
1.60370267288035,"+",0.699409007540249
0,"-",0.400244548604035
0,"-",0
0,"-",0.711025066231914
0,"-",0.465253719176686
0,"-",0.351946199307112
1.34460695311487,"+",0.673120032606481
0,"-",0.478296311391889
2.49361377410879,"+",0
0,"-",0
0,"-",0.868758915834522
0,"-",0.459547585082535
1.22609565110309,"+",0.501936009781944
2.09152228469769,"+",0.353984104340738
1.43252983764731,"+",0.311391889137966
0.868493296532109,"+",0.796209496637457
2.29247782309862,"+",0.432035867128592
0,"-",0.467902995720399
0,"-",0.519665783574485
2.24937039673295,"+",0
1.15915113321375,"+",0.827593234155288
0,"-",0.224169553698798
2.64722064025442,"+",0.485225188506216
0,"-",0.349500713266762
0,"-",0.383329936824944
1.60991808530556,"+",0.409618911758712
0,"-",0.677399633177094
0,"-",0.43427756266558
0,"-",0.162013450173222
0,"-",0.383533727328306
2.11104849373699,"+",0.717546362339515
1.30219950096246,"+",0.314244956185042
2.38795483309312,"+",0
1.19197450625914,"+",0.454452822498472
0,"-",0.933564295903811
0,"-",0.424495618504178
1.24725468327683,"+",0.682086814754432
0,"-",0
0,"-",0.317505604238842
0,"-",0
2.22766170952208,"+",0
1.60497290740812,"+",0.426941104544528
0,"-",0.447320154880783
0,"-",0
0,"-",0.37497452618708
1.61184224138237,"+",0.903607091909517
0,"-",0.361728143468514
0,"-",0.520073364581211
0,"-",0
0,"-",0
0,"-",0.354799266354188
0,"-",0.655390258813939
0,"-",0
0,"-",0
0,"-",0.441614020786631
0,"-",0
0,"-",0.903199510902792
0.849513504498643,"+",0.237212145914
0.432988555573125,"+",0.47034848176075
0,"-",0.77399633177094
0.902709182689431,"+",0.427960057061341
0,"-",0
0,"-",0.463623395149786
0,"-",0
0.815119581371606,"+",0.42469940900754
0,"-",0
0,"-",0
0,"-",0.471367434277563
0,"-",0.698390055023436
0,"-",0.475035663338088
1.525993697848,"+",0.767271245159976
0,"-",0
2.14360348589712,"+",0.426125942531078
0,"-",0.89423272875484
0.770649954480286,"+",0.455267984511922
0,"-",0
0,"-",0.453637660485021
0,"-",0.807417974322397
1.24690118287777,"+",0.723863867943754
0,"-",0.806806602812309
0,"-",0.832687996739352
2.43293853923944,"+",0.353984104340738
0,"-",0
0,"-",0.401671082127573
0,"-",0.430201752598329
1.16762484306341,"+",0.431424495618504
0,"-",0.358671285918076
0,"-",0.850825351538618
0,"-",0.40065212961076
0,"-",0.417974322396576
0,"-",0
2.39653275101432,"+",0
0,"-",0.0497248828204606
2.30646427210563,"+",0.187283472590177
0,"-",0.411453026288975
0,"-",0
0,"-",0.392704299979621
0,"-",0.776849398818015
1.13934504091892,"+",0.435704096189118
0,"-",0.531078051762788
2.78771760383608,"+",0.406154473201549
0,"-",0
0,"-",0
3.19238003110314,"+",0
0,"-",0
0,"-",0.367841858569391
1.91575500007158,"+",0.237008355410638
1.23002278972349,"+",0.433666191155492
0.747039006312881,"+",0.274505808029346
0,"-",0
0,"-",0.302832687996739
0,"-",0
2.21655431424787,"+",0
1.57605208029777,"+",0.570205828408396
1.20605348398574,"+",0.386794375382107
0,"-",0
0,"-",0.430609333605054
0,"-",0.820868147544324
0,"-",0.459343794579173
0,"-",0
2.12715767699375,"+",0.176482575911963
1.02679926404938,"+",0.405746892194824
2.02708950432037,"+",0
1.7456823059448,"+",0.878948441002649
0,"-",0
0,"-",0
0,"-",0
0.618907369249803,"+",0.845730588954555
1.39543857749124,"+",0.233543916853475
0,"-",0.369472182596291
1.15690450548904,"+",0.108416547788873
1.45540772047331,"+",0
1.65924073491792,"+",0
1.17709096358427,"+",0.616262482168331
1.2075311936973,"+",0.458121051558997
1.71971756500341,"+",0.205624617892806
0,"-",0.416955369879764
0,"-",0.676788261667006
0,"-",0.63297330344406
0.902534869543791,"+",0.746077032810271
1.30454346239692,"+",0.238842469940901
0,"-",0.454045241491746
1.62464979246266,"+",0
1.3840112123785,"+",0
0,"-",0.441410230283269
1.06716396839128,"+",0.244752394538415
0,"-",0.196250254738129
1.62596052042962,"+",0
0,"-",0.393315671489709
0,"-",0.231709802323212
0,"-",0.23476665987365
0,"-",0
0,"-",0
0,"-",0.390666394945996
0,"-",0.619115549215407
0,"-",0.826981862645201
0,"-",0
1.70926277259295,"+",0
0,"-",0.458121051558997
0,"-",0
0,"-",0
0,"-",0.254126757693092
2.37172045291215,"+",0.811086203382922
1.22067836431938,"+",0.322192785816181
0,"-",0.457917261055635
1.07441126367457,"+",0.172610556348074
1.11068989313926,"+",0.459343794579173
2.56126498117212,"+",0
1.59581825460255,"+",0
0,"-",0.154065620542083
0,"-",0.301609944976564
1.66547124153566,"+",0
0,"-",0
1.69993758139224,"+",0.316894232728755
0,"-",0.410841654778887
0,"-",0.866313429794172
0,"-",0.359486447931526
0,"-",0
0,"-",0.42388424699409
0,"-",0.255349500713267
1.56265026762387,"+",0.230283268799674
1.42685041334806,"+",0
0,"-",0
0,"-",0
0,"-",0.722029753413491
1.32628348285572,"+",0.288567352761361
0,"-",0.369472182596291
0,"-",0
0,"-",0.463827185653149
0,"-",0.406154473201549
2.07004853471723,"+",0.168127165274098
0,"-",0
0,"-",0.517424088037497
0,"-",0.33014061544732
1.71000434612725,"+",0.15304666802527
0,"-",0.363154676992052
0,"-",0.0908905644996943
0,"-",0
0,"-",0
1.11874354523303,"+",0
1.72273374137272,"+",0.185449358059914
0,"-",0.912573874057469
1.88551008878341,"+",0
1.50684451275357,"+",0.731811697574893
0,"-",0
0,"-",0.206847360912981
2.13764341491566,"+",0.383941308335032
1.50493352789445,"+",0
1.91034154607757,"+",0.325453433869982
1.28881004933044,"+",0.464030976156511
1.4935867112408,"+",0.654371306297127
0,"-",0
0,"-",0
0,"-",0.580802934583248
0,"-",0.406765844711636
0,"-",0.559201141226819
2.17530589162857,"+",0
0,"-",0.0882412879559813
0,"-",0
2.90043927573264,"+",0
0.992647725876242,"+",0.51844304055431
0.790316503506941,"+",0.603219889953128
0,"-",0.10821275728551
1.11708103740762,"+",0
0,"-",0.444467087833707
1.31153428591078,"+",0
1.4121146041789,"+",0.434481353168942
0,"-",0
0,"-",0
0,"-",0
0.853594675203149,"+",0.372121459140004
0,"-",0.395964948033422
0,"-",0
0,"-",0.779091094355003
1.07149945912718,"+",0.41104544528225
0,"-",0.0953739555736703
1.68522662049341,"+",0.269411045445282
0,"-",0.630527817403709
1.38817229594409,"+",0.204198084369268
1.40534255609059,"+",0.414713674342776
0,"-",0.44630120236397
0,"-",0.206847360912981
0,"-",0
1.50534254219343,"+",0
1.64407838502668,"+",0.796617077644182
1.32203090531207,"+",0
1.28152637812289,"+",0.419808436926839
0,"-",0
0,"-",0.608518443040554
0,"-",0.00183411453026289
0.690706150130221,"+",0
0,"-",0
1.0678525619653,"+",0
0,"-",0
0,"-",0.430405543101691
0,"-",0.313837375178317
1.49198218364805,"+",0.449561850417771
0,"-",0.907682901976768
1.94537156698197,"+",0.754432443448135
0.874478263301999,"+",0.323415528836356
0,"-",0.583859792133687
0,"-",0.406969635214999
1.19037969098343,"+",0.622172406765845
0,"-",0
0,"-",0.336254330548196
0,"-",0
0,"-",0
0,"-",0.333808844507846
0.995005484324552,"+",0.403708987161198
0.83706836163219,"+",0.173221927858162
1.03986045488335,"+",0.0747911147340534
1.88717147424948,"+",0.381292031791319
1.02622448069814,"+",0.381292031791319
1.12840990722079,"+",0
0,"-",0.279396780110047
0,"-",0
0,"-",0.295903810882413
0,"-",0.0271041369472183
0,"-",0
1.72842448478161,"+",0
0,"-",0.654575096800489
0,"-",0
0,"-",0
2.19509408385393,"+",0
0,"-",0.447727735887508
0.95369363118436,"+",0
0,"-",0.714081923782352
0,"-",0
0,"-",0
0,"-",0
1.76477720932112,"+",0.625433054819645
0,"-",0
0,"-",0.190747911147341
0,"-",0.454656613001834
0,"-",0.329529243937233
1.66027520171672,"+",0.298960668432851
0,"-",0.0444263297330344
0,"-",0.393111880986346
0,"-",0
0,"-",0.389036070919095
1.59990646616855,"+",0.0226207458732423
0,"-",0.738536784185857
0,"-",0.400040758100673
0,"-",0
1.48772323750969,"+",0.0670470756062767
0,"-",0
0,"-",0.268188302425107
0,"-",0
0,"-",0
0,"-",0.706337884654575
0,"-",0.402078663134298
0,"-",0
2.59249886621285,"+",0.316894232728755
2.42703432451869,"+",0
0,"-",0
2.29434673226866,"+",0.428979009578154
3.31382471123811,"+",0
0.974416455130659,"+",0.0658243325861015
1.85908345450476,"+",0.649276543713063
0,"-",0.809455879356022
0,"-",0.637456694518035
0,"-",0
0,"-",0
1.95479104894925,"+",0.369675973099654
0,"-",0
1.57447182130889,"+",0.396168738536784
0,"-",0
0,"-",0.495007132667618
0,"-",0.262685958834318
0,"-",0.345424903199511
1.68558462127767,"+",0.731811697574893
0.95996441793694,"+",0.159160383126146
0,"-",0.313429794171592
1.65426288033746,"+",0.000203790503362543
0,"-",0
0,"-",0.224577134705523
0.877503754371417,"+",0.475647034848176
1.19937253134944,"+",0
0,"-",0.464234766659874
0.665675954741704,"+",0
2.47896920370852,"+",0.276543713062971
0,"-",0.43509272467903
1.54081181153626,"+",0.461993071122886
1.21798979247563,"+",0.305685755043815
2.30487687063903,"+",0.48400244548604
0,"-",0
0,"-",0
0,"-",0.120236396983901
0,"-",0.434073772162217
0,"-",0
0,"-",0
1.3037610757724,"+",0
2.07065390954384,"+",0
0,"-",0.723252496433666
0,"-",0.0662319135928266
0,"-",0
1.44764588007413,"+",0
0,"-",0.655186468310577
1.62138413570584,"+",0.513959649480334
0,"-",0.423272875484002
0,"-",0
0,"-",0.235989402893825
0,"-",0.449358059914408
1.97831228314442,"+",0
0,"-",0
0,"-",0
0,"-",0
0.537542196776202,"+",0.133686570205828
1.82895755035911,"+",0
1.45072230183774,"+",0.837782759323416
2.0300387690405,"+",0.0505400448339107
0,"-",0.668229060525779
1.48033854208288,"+",0.298145506419401
0,"-",0
0.805551412234998,"+",0.661503973914816
2.82721013683314,"+",0
0.774097414926284,"+",0.402893825147748
0,"-",0.753617281434685
0,"-",0.242306908498064
0.57462138135221,"+",0.698390055023436
1.48666297180747,"+",0.381699612798044
0,"-",0.281842266150397
1.40002490112502,"+",0
0.913927265754746,"+",0.779091094355003
0,"-",0
1.43899788613906,"+",0.428775219074791
0,"-",0.310780517627879
1.37191841883634,"+",0
0,"-",0
0,"-",0.336050540044834
1.87095651088925,"+",0
0,"-",0
0,"-",0
0,"-",0
2.14643367206788,"+",0.221724067658447
1.10620284032759,"+",0.147136743427756
0,"-",0
1.67881431977764,"+",0.397799062563685
0,"-",0
1.54196587402734,"+",0.0851844304055431
1.97992464839771,"+",0
1.99294852323313,"+",0.398614224577135
1.13381261020535,"+",0.0203790503362543
0,"-",0.113103729366212
1.35695258176502,"+",0.220297534134909
1.34214776698031,"+",0
0.636281716570124,"+",0
0,"-",0.261463215814143
0.848671644232342,"+",0
0,"-",0
0,"-",0
0,"-",0.364377420012227
1.51537695203021,"+",0.179743223965763
0,"-",0.632769512940697
0,"-",0
0.922150536601843,"+",0.787242714489505
0,"-",0
0,"-",0.285714285714286
1.22933778100909,"+",0.301406154473202
0,"-",0.223354391685347
1.99596488433083,"+",0.44548604035052
1.69007542829954,"+",0.62257998777257
0,"-",0.248216833095578
0.867851480288264,"+",0.00876299164458936
1.58416481750379,"+",0.809048298349297
0,"-",0
0,"-",0
1.06622654001832,"+",0.445282249847157
1.36254761027367,"+",0.265131444874669
0,"-",0
0,"-",0.420827389443652
0,"-",0
0,"-",0
0,"-",0.261870796820868
0,"-",0.282453637660485
0,"-",0
0.83706836163219,"+",0.657631954350927
0,"-",0.379254126757693
0,"-",0.364785001018953
0,"-",0.326268595883432
0,"-",0
0.724947445201725,"+",0
0,"-",0.650091705726513
2.60315277276314,"+",0
0,"-",0
0.991971214167995,"+",0.755655186468311
2.19120286332434,"+",0.45832484206236
1.12138703547853,"+",0.320358671285918
0,"-",0
0,"-",0
0,"-",0.103525575708172
0,"-",0.62502547381292
0,"-",0
1.04389735703126,"+",0.456898308538822
1.29908907764106,"+",0.175667413898512
2.13435161104235,"+",0.378031383737518
0,"-",0
0,"-",0
2.50244638918381,"+",0.283880171184023
1.3821090037397,"+",0.00163032402690035
1.78553667378979,"+",0.347259017729774
0,"-",0.145098838394131
1.07785165271537,"+",0.595883431832077
0,"-",0
1.67881431977764,"+",0
1.25153417006582,"+",0.85816180965967
0,"-",0
1.2442571049076,"+",0.366619115549215
0,"-",0
0,"-",0.718972895863053
0,"-",0
1.18044069562251,"+",0.219686162624822
1.42624930264813,"+",0.366822906052578
0,"-",0.422865294477277
1.85486502345797,"+",0.403708987161198
0.825362931298481,"+",0.498675361728143
0,"-",0.386386794375382
0,"-",0.572243733442022
1.50058699183651,"+",0.0535969023843489
1.86724712895827,"+",0.343386998165885
1.69604849673951,"+",0.424088037497453
0.903581827259103,"+",0
0.750327327084766,"+",0
0,"-",0.452822498471571
2.26160186449607,"+",0
0,"-",0.740778479722845
2.95138147019881,"+",0
0,"-",0.441410230283269
1.21648329441472,"+",0.163847564703485
1.35332273838156,"+",0
0,"-",0
0,"-",0.344609741186061
1.54864191617103,"+",0.385164051355207
1.47981436173691,"+",0.42306908498064
0,"-",0
1.66148407035112,"+",0
0,"-",0
0,"-",0.287548400244549
0,"-",0
0,"-",0.345832484206236
0.693597484522724,"+",0.756877929488486
0,"-",0.667413898512329
0,"-",0.359894028938251
0,"-",0
0,"-",0.147951905441206
0,"-",0.479722844915427
0,"-",0.464030976156511
1.69061629995442,"+",0.81332789891991
2.38124472162295,"+",0
1.1253079191313,"+",0
1.66477614270494,"+",0.813531689423273
0,"-",0
1.29157767271088,"+",0.30446301202364
0,"-",0.661096392908091
1.57180616893522,"+",0.285714285714286
1.9888545012144,"+",0
1.02553566264991,"+",0.171999184837987
3.08476409300719,"+",0.412879559812513
1.99789063329586,"+",0
0,"-",0.462604442632973
1.87890179222575,"+",0.362135724475239
0,"-",0
1.35866849729655,"+",0.279396780110047
1.9174857665439,"+",0.374363154676992
0,"-",0.469737110250662
0,"-",0.298553087426126
0,"-",0.284287752190748
0,"-",0.195027511717954
0,"-",0
1.99349606324269,"+",0
0,"-",0.42469940900754
0,"-",0.448135316894233
0,"-",0.903199510902792
0,"-",0.364988791522315
2.46605184902437,"+",0
1.13153083734248,"+",0
0,"-",0.463012023639698
0,"-",0.403505196657836
0,"-",0.320766252292643
0,"-",0.153454249031995
0,"-",0
0.90201236079608,"+",0.135520684736091
1.55494524534727,"+",0.803342164255146
0,"-",0.865090686773996
0,"-",0
0,"-",0
0,"-",0.386590584878745
1.12082936712781,"+",0.436926839209293
2.06763174829063,"+",0.444670878337069
0,"-",0
2.15701118679634,"+",0.0951701650703077
1.70815189712004,"+",0.419400855920114
1.36341309802558,"+",0
0,"-",0.382107193804769
1.78141811543332,"+",0
0,"-",0.272671693499083
0,"-",0.319543509272468
1.03020477865857,"+",0.561646627267169
2.00286504198279,"+",0
2.31780055628332,"+",0
0,"-",0.393927042999796
2.41907080164453,"+",0.370491135113104
2.26083196636483,"+",0.866517220297534
0,"-",0
2.36390262721311,"+",0.131852455675566
0,"-",0.322396576319543
0,"-",0
1.61125371575819,"+",0.374159364173629
0,"-",0
0,"-",0.198491950275117
0,"-",0.464642347666599
0,"-",0.406969635214999
0,"-",0
0,"-",0
0,"-",0.748930099857347
0,"-",0.306500917057265
0.964361830334073,"+",0
0,"-",0.371917668636642
0,"-",0.421642551457102
0,"-",0.391277766456083
0,"-",0.463623395149786
1.67999727073625,"+",0
0,"-",0
0,"-",0.453230079478296
0,"-",0.355614428367638
0,"-",0
0,"-",0.279396780110047
0,"-",0.753617281434685
0,"-",0.836152435296515
1.85168883456166,"+",0
0,"-",0.284899123700836
1.75719615890468,"+",0.292643162828612
0,"-",0.40065212961076
0,"-",0.468106786223762
0,"-",0.272264112492358
0,"-",0.159771754636234
0,"-",0.42551457102099
0,"-",0.488078255553291
0,"-",0
0,"-",0
0,"-",0
0,"-",0
0,"-",0
0,"-",0
0,"-",0.21234970450377
0,"-",0
0,"-",0.429794171591604
0,"-",0.323415528836356
0,"-",0
0,"-",0.384145098838394
0,"-",0.478500101895252
0,"-",0.390666394945996
0,"-",0.752190747911147
0,"-",0
0,"-",0
0,"-",0.433054819645405
0,"-",0.433666191155492
0,"-",0.429182800081516
0,"-",0
1.17903590255675,"+",0.313837375178317
2.29971015090845,"+",0
1.44615474904357,"+",0
0,"-",0.396372529040147
0,"-",0.164866517220298
0,"-",0.336661911554922
2.30004653591173,"+",0.287955981251274
2.18382640423796,"+",0
2.74717732949102,"+",0
0,"-",0.356837171387813
0,"-",0.560016303240269
0,"-",0.451192174444671
1.46173865480454,"+",0
0,"-",0
0,"-",0
0,"-",0
1.62432251016154,"+",0.432443448135317
0,"-",0.446097411860607
0,"-",0
0,"-",0
0,"-",0
0,"-",0.323415528836356
1.46916396212335,"+",0.267373140411657
0,"-",0
0,"-",0
1.19309371701908,"+",0
1.16534163265356,"+",0.653148563276951
1.18562366565774,"+",0.317913185245568
1.28397534248411,"+",0
0,"-",0
0,"-",0
0,"-",0.319135928265743
2.75403531434403,"+",0
2.04445529368525,"+",0.419400855920114
1.57286507546973,"+",0
0,"-",0
0,"-",0.418585693906664
0,"-",0.360301609944977
0,"-",0.756877929488486
2.07004853471723,"+",0.344609741186061
1.74656133085108,"+",0.209496637456695
0,"-",0
0,"-",0.231506011819849
0,"-",0
1.82240538127408,"+",0.386386794375382
0,"-",0.406765844711636
1.93097436563771,"+",0.446708783370695
0,"-",0.422661503973915
0,"-",0.312818422661504
0,"-",0
0,"-",0.349908294273487
1.57150393782054,"+",0.326879967393519
1.99185462510597,"+",0.428775219074791
2.4794699915835,"+",0
2.41395803210652,"+",0.424088037497453
0,"-",0
1.43801721308982,"+",0
0,"-",0.698797636030161
2.558420448548,"+",0.418585693906664
1.64273195559189,"+",0.646015895659262
0,"-",0.323823109843081
0,"-",0.359690238434889
0,"-",0.343386998165885
0,"-",0
1.52910001603342,"+",0.431424495618504
0,"-",0
0,"-",0.425106990014265
0,"-",0.241899327491339
0,"-",0.417566741389851
2.16858883633388,"+",0.467087833706949
1.12784450598098,"+",0.344405950682698
0,"-",0.628286121866721
1.52910001603342,"+",0
0,"-",0.783778275932342
0,"-",0
2.22030946179844,"+",0
0,"-",0
0,"-",0
0,"-",0.421234970450377
2.16550769529511,"+",0
1.86817271522586,"+",0.443855716323619
0,"-",0
0,"-",0.389239861422458
1.34214776698031,"+",0.222131648665172
0,"-",0.455675565518647
1.10545887199763,"+",0
2.27384677730588,"+",0.451803545954759
0,"-",0.862645200733646
0,"-",0.462808233136336
0,"-",0
0,"-",0
1.63554053633674,"+",0
0,"-",0.31730181373548
1.93476489160847,"+",0.189321377623803
0,"-",0
2.19014490174816,"+",0
2.76791363191079,"+",0
0,"-",0
3.05666665395977,"+",0.416955369879764
1.38188561121774,"+",0.20990421846342
1.26686859497232,"+",0.320766252292643
0,"-",0
2.44945308246322,"+",0.441817811289994
0,"-",0.465865090686774
0.671100261666965,"+",0.603016099449766
1.67916899080944,"+",0
0,"-",0.430201752598329
0,"-",0
1.71858985852962,"+",0.305685755043815
1.54922570093006,"+",0.45669451803546
0,"-",0
1.74577992111071,"+",0.448135316894233
0,"-",0.367434277562666
0,"-",0.309557774607703
0,"-",0
0,"-",0.841654778887304
0,"-",0.808233136335847
0,"-",0
0,"-",0.372732830650092
0,"-",0
0,"-",0.449154269411045
2.37790987685011,"+",0.203179131852456
0,"-",0
0,"-",0
0,"-",0.472590177297738
2.15128513773342,"+",0
0,"-",0.356225799877726
0,"-",0.418993274913389
1.62563259835408,"+",0
1.36406304436939,"+",0.284695333197473
1.82501912224963,"+",0
0,"-",0
2.39698667742422,"+",0
2.93773767990245,"+",0
2.09027912958187,"+",0
1.86909947255371,"+",0
0,"-",0
0,"-",0
0,"-",0
0,"-",0.293458324842062
0,"-",0.312818422661504
1.76177496751546,"+",0.394130833503159
0,"-",0.349500713266762
2.30470283096082,"+",0
0,"-",0.38618300387202
0,"-",0
1.50985911457773,"+",0.465661300183411
0,"-",0
0,"-",0
0,"-",0.451192174444671
0,"-",0.467699205217037
0,"-",0.463827185653149
0,"-",0
1.91156841590416,"+",0.336661911554922
0,"-",0.824332586101488
0,"-",0.198084369268392
0,"-",0.191155492154066
0,"-",0.0857958019156307
0.868172262432296,"+",0.430609333605054
0,"-",0.813531689423273
1.65170237368734,"+",0
0,"-",0
0,"-",0.828815977175464
0,"-",0.124923578561239
1.29253515758635,"+",0.410434073772162
0,"-",0.36621153454249
1.91205973214532,"+",0.43509272467903
0,"-",0
0,"-",0.292235581821887
0,"-",0.432239657631954
0,"-",0.841654778887304
0,"-",0.324026900346444
0,"-",0.0535969023843489
0,"-",0.387609537395557
0,"-",0
0,"-",0.432851029142042
0,"-",0.432647238638679
0,"-",0.783370694925617
2.98285686282472,"+",0
2.60095532030742,"+",0
2.80505290599323,"+",0
0,"-",0
0.532036181534073,"+",0.565518646831058
0,"-",0
1.74773507627559,"+",0.42225392296719
0,"-",0
0,"-",0.324026900346444
0,"-",0.316894232728755
0,"-",0.542897900957815
0,"-",0.357040961891176
0,"-",0.450784593437946
0,"-",0
0,"-",0.390870185449358
0,"-",0.395353576523334
0,"-",0
1.90716114638537,"+",0.431016914611779
0,"-",0.577542286529448
0,"-",0.466272671693499
0.957682891372449,"+",0.837171387813328
2.10201215616591,"+",0
2.18522619784303,"+",0.392704299979621
1.29426269940212,"+",0.788873038516405
0,"-",0.321988995312818
0,"-",0.408396168738537
0,"-",0
0,"-",0.417362950886489
0,"-",0.543101691461178
0,"-",0.452211126961484
1.11860479462432,"+",0.389647442429183
0,"-",0.168942327287548
0,"-",0
0,"-",0.658039535357652
0,"-",0.326268595883432
1.03468638422899,"+",0.466680252700224
0,"-",0.33014061544732
0,"-",0.275117179539433
0,"-",0
0,"-",0
0,"-",0.444874668840432
0,"-",0.344202160179336
0,"-",0.418789484410027
2.01150889970042,"+",0.299572039942939
0,"-",0
2.17617116813839,"+",0
1.01397740308764,"+",0.31974729977583
0,"-",0.353780313837375
0,"-",0.373140411656817
2.69480436090211,"+",0
0,"-",0.238638679437538
0,"-",0
0,"-",0.424903199510903
2.32235164265114,"+",0.309761565111066
1.85259490584447,"+",0.373140411656817
2.43128116281213,"+",0
0,"-",0
1.47785256712403,"+",0
0,"-",0.720603219889953
0,"-",0.383941308335032
0,"-",0.4711636437742
1.03609193168678,"+",0.317913185245568
0,"-",0.263297330344406
0,"-",0.439779906256368
0,"-",0.302628897493377
0,"-",0.416751579376401
0.822919921872337,"+",0.448950478907683
0,"-",0.432647238638679
0,"-",0
0,"-",0
0,"-",0
0,"-",0
0,"-",0.737925412675769
0,"-",0.569798247401671
0,"-",0
0,"-",0.362339514978602
2.14560021193091,"+",0
1.9697705634872,"+",0
0,"-",0
0,"-",0.348277970246587
0,"-",0
1.93882941651999,"+",0.662522926431628
0,"-",0
0,"-",0
0,"-",0.16670063175056
1.70519823854357,"+",0.201548807825555
0,"-",0
0,"-",0
0,"-",0
0,"-",0
0,"-",0.354595475850825
0,"-",0.0711228856735276
1.78760491402091,"+",0.160994497656409
2.22360966339969,"+",0.406765844711636
0,"-",0
0,"-",0.227633992255961
0,"-",0.222539229671897
1.66930699635023,"+",0.410637864275525
0,"-",0.236600774403913
0,"-",0.356429590381088
0,"-",0.325045852863257
0,"-",0.781128999388628
0,"-",0.56490727532097
0,"-",0.375178316690442
0,"-",0.185856939066639
0,"-",0.661503973914816
0,"-",0.659873649887915
0,"-",0.223354391685347
0,"-",0.738536784185857
1.28039965355897,"+",0.431016914611779
0,"-",0.403301406154473
1.69169931933607,"+",0
0,"-",0.436926839209293
0,"-",0.025881393927043
2.2316105316667,"+",0.685347462808233
0,"-",0
0.966576840608326,"+",0.576319543509273
0,"-",0
0,"-",0.311188098634604
0,"-",0.24515997554514
0,"-",0.463419604646423
2.05210381241253,"+",0
0,"-",0.425922152027715
0,"-",0.432647238638679
0,"-",0.314244956185042
1.98803833847065,"+",0.244344813531689
0,"-",0
2.0767337617138,"+",0.747707356837171
0,"-",0
0,"-",0
0.700579151874604,"+",0
0,"-",0
0,"-",0.311799470144691
0,"-",0.430813124108417
2.17501767500296,"+",0.37497452618708
0,"-",0.592418993274913
0,"-",0.22274302017526
0,"-",0.406358263704911
0,"-",0
0,"-",0.452822498471571
0,"-",0.130833503158753
1.78141811543332,"+",0.422457713470552
2.00009747169129,"+",0.681679233747707
2.02461324597932,"+",0.426941104544528
0,"-",0
0,"-",0.386794375382107
0,"-",0
1.9697705634872,"+",0
0,"-",0
1.39910484519709,"+",0.364377420012227
0,"-",0
0,"-",0.481353168942327
0,"-",0.441410230283269
0,"-",0
0,"-",0
0,"-",0.283472590177298
2.08841810464014,"+",0
0,"-",0
0,"-",0.425922152027715
0,"-",0.37823517424088
0,"-",0.385979213368657
1.62924857899404,"+",0.330344405950683
0,"-",0
0,"-",0.485632769512941
0,"-",0.40146729162421
1.91205973214532,"+",0
2.26546235027253,"+",0.464846138169961
0,"-",0
2.7948994212346,"+",0.132463827185653
0,"-",0.932749133890361
0,"-",0
0.695153199286811,"+",0.277155084573059
0,"-",0.416955369879764
1.65034071177037,"+",0
0,"-",0.434481353168942
0,"-",0.465661300183411
0,"-",0
0,"-",0.442021601793356
0,"-",0.466068881190137
0,"-",0.443448135316894
0,"-",0.434481353168942
2.20388928513573,"+",0
0,"-",0.456083146525372
2.78059366209879,"+",0
0,"-",0
1.83380048909946,"+",0
3.02753929531507,"+",0
0,"-",0
0,"-",0.412064397799063
0,"-",0
0,"-",0.210311799470145
0,"-",0.15060118198492
2.77001435680294,"+",0.45832484206236
0,"-",0
1.77936773693289,"+",0
0,"-",0.432443448135317
0,"-",0.862848991237008
0,"-",0
0,"-",0
2.32818064018301,"+",0.268799673935195
0,"-",0.308335031587528
2.21193666148753,"+",0.477684939881801
2.78486113153141,"+",0
0,"-",0
0,"-",0.123089464030976
0,"-",0.399225596087222
2.94282989221254,"+",0
1.6435731596723,"+",0
0,"-",0.361524352965152
2.00453042114144,"+",0.345832484206236
0,"-",0.535153861830039
0,"-",0
0,"-",0
2.08163212305965,"+",0
0,"-",0.27246790299572
0,"-",0.452007336458121
1.0915951805686,"+",0.773384960260852
0,"-",0.349500713266762
0,"-",0
1.80819680985312,"+",0.463012023639698
0,"-",0
0,"-",0.271041369472183
0,"-",0.355614428367638
0,"-",0
0,"-",0.665783574485429
0,"-",0.428571428571429
0,"-",0.599144079885877
0,"-",0.619930711228857
0,"-",0.835541063786428
0,"-",0.772569798247402
0,"-",0
0,"-",0.486040350519666
0,"-",0
0,"-",0.382514774811494
1.09436374271302,"+",0.217444467087834
0,"-",0.347666598736499
0,"-",0.393315671489709
0,"-",0.456898308538822
0.872122387326556,"+",0.0970042796005706
0,"-",0
0,"-",0
0.614043774976382,"+",0.790299572039943
0,"-",0.279396780110047
0,"-",0.172610556348074
0.831538034623672,"+",0.356429590381088
0,"-",0.433666191155492
0,"-",0.371306297126554
0,"-",0.377623802730793
0,"-",0.765029549622988
0,"-",0.323823109843081
0,"-",0.836763806806603
0,"-",0.449358059914408
0,"-",0.550845730588955
0,"-",0.357652333401264
0,"-",0.388017118402282
0,"-",0.295903810882413
0,"-",0.357244752394538
0,"-",0.415528836356226
0,"-",0.211738332993682
0,"-",0
0,"-",0
0,"-",0
0,"-",0.368249439576116
0,"-",0
0,"-",0.414917464846138
0,"-",0.392296718972896
0,"-",0
0.788937667770238,"+",0.34134909313226
0,"-",0.708579580191563
0.988179910912323,"+",0.836763806806603
1.09041335355623,"+",0
0,"-",0.296922763399226
2.05328726355058,"+",0
1.6236684242468,"+",0.455267984511922
1.03433564519488,"+",0.815162013450173
0.78256938768671,"+",0.668840432035867
0.458821170281803,"+",0.44630120236397
0,"-",0.399225596087222
1.6677352173752,"+",0.690442225392297
0.721614772076204,"+",0.845119217444467
0,"-",0.446504992867332
0,"-",0.92704299979621
0.771962448992161,"+",0.308742612594253
0,"-",0.392704299979621
0,"-",0.449969431424496
0,"-",0.7083757896882
0,"-",0.843488893417567
0,"-",0.821275728551049
0,"-",0.413694721825963
0,"-",0.418585693906664
2.37813178367953,"+",0
1.31242654893474,"+",0.457917261055635
1.12982615231571,"+",0.673935194619931
1.8592740488367,"+",0.568983085388221
1.88551008878341,"+",0
0,"-",0.208273894436519
1.69550334716695,"+",0.693499082942735
1.566147409096,"+",0.916853474628082
0,"-",0.565518646831058
0.571181037663911,"+",0.931730181373548
1.11116814418053,"+",0.465457509680049
2.06210156718362,"+",0.95516608926024
0,"-",0.74363154676992
0.9349278578729,"+",0.890156918687589
0,"-",0.738536784185857
0,"-",0.349500713266762
2.54831201588915,"+",0.650295496229876
0.920511419478385,"+",0
0,"-",0.841450988383941
0,"-",0.873853678418586
0,"-",0.43427756266558
1.308121236999,"+",0.877521907479112
0,"-",0.0256776034236805
0,"-",0.450173221927858
0,"-",0.373751783166904
0,"-",0.471571224780925
0,"-",0.453026288974934
2.3252609739204,"+",0.71795394334624
0,"-",0.386794375382107
0.744360352387565,"+",0.897493376808641
0,"-",0.346036274709599
0,"-",0.545954758508253
0,"-",0
1.0479084345486,"+",0
0.962707729068656,"+",0.90707153046668
0,"-",0.44874668840432
0,"-",0.361116771958427
0,"-",0.769920521703689
0,"-",0.421234970450377
0,"-",0.355614428367638
0.648624872569244,"+",0.680048909720807
0,"-",0.793967801100469
0.987545194977163,"+",0.437130629712655
0,"-",0.743427756266558
0,"-",0.450580802934583
1.83027514130867,"+",0.220501324638272
0,"-",0.471775015284288
2.24181853511694,"+",0
0,"-",0
0,"-",0
0,"-",0.0273079274505808
1.71012801883481,"+",0.459547585082535
0,"-",0.607295700020379
0,"-",0.767678826166701
0.886673419180272,"+",0.767271245159976
0,"-",0.450173221927858
1.03119059034626,"+",0.374159364173629
0,"-",0
2.00453042114144,"+",0.00122274302017526
1.73147862064088,"+",0.465253719176686
1.51593136452463,"+",0.464030976156511
0.554847122459741,"+",0
0,"-",0.396576319543509
1.23484197164666,"+",0
2.19592193486055,"+",0.237212145914
1.74765676560217,"+",0.816792337477074
0,"-",0.423272875484002
0,"-",0.650091705726513
0,"-",0.418178112899939
1.38772105556125,"+",0.225596087222335
0,"-",0.244548604035052
1.28814401741195,"+",0
1.36006635608013,"+",0.685551253311596
0,"-",0.647646219686163
1.1093940642714,"+",0
0,"-",0
1.57645788773641,"+",0.474220501324638
1.51704163256299,"+",0.263093539841043
0,"-",0.478907682901977
0,"-",0.440798858773181
2.08409291695351,"+",0
0.811208094340772,"+",0.143876095373956
0,"-",0.334012635011208
1.60006420913208,"+",0.374363154676992
1.18083157771491,"+",0.379457917261056
0,"-",0
0,"-",0.409822702262075
2.17721074275495,"+",0
0,"-",0
1.2193324171285,"+",0.759934787038924
0,"-",0.610760138577542
1.72462550250993,"+",0.68188302425107
0,"-",0.433054819645405
0,"-",0.543916853474628
0,"-",0.421031179947014
0.664162416807938,"+",0.762176482575912
0.976612783202669,"+",0.896066843285103
0.92278965900266,"+",0
0,"-",0.316282861218667
0,"-",0
0,"-",0.411656816792337
0,"-",0
0,"-",0.454860403505197
1.22762900093811,"+",0.272060321988995
1.38681959092,"+",0
0,"-",0.901365396372529
0,"-",0.914815569594457
0,"-",0.432239657631954
1.86840429466863,"+",0.355614428367638
0.625827258742395,"+",0
0.575471109775427,"+",0.289993886284899
0,"-",0.430813124108417
0,"-",0.579987772569798
1.19945350833487,"+",0.223150601181985
0,"-",0.88220908905645
2.05655113128652,"+",0.399225596087222
0,"-",0
0,"-",0.213776238027308
0,"-",0.488078255553291
1.59331490451863,"+",0.408803749745262
1.48444219563099,"+",0
1.87494436700532,"+",0.830038720195639
1.50275654657841,"+",0.655594049317302
0,"-",0.455879356022009
0,"-",0.518646831057673
0,"-",0.255960872223354
1.28265535242243,"+",0.703892398614225
0,"-",0.247401671082128
0,"-",0.284287752190748
0,"-",0.462808233136336
0,"-",0
1.45540772047331,"+",0
1.67018177259671,"+",0
0,"-",0.321377623802731
0,"-",0
0,"-",0
0.744999070840026,"+",0
0,"-",0
0,"-",0.709190951701651
0,"-",0
1.54573084079698,"+",0.262685958834318
1.28922274661834,"+",0.0340330140615447
0,"-",0
1.39452548178497,"+",0.33014061544732
0,"-",0
0,"-",0.462808233136336
1.19985857656374,"+",0.790299572039943
0,"-",0.62176482575912
0,"-",0.348481760749949
0,"-",0
0,"-",0.379865498267781
0,"-",0
0,"-",0.184837986549827
0,"-",0.884246994090075
0,"-",0.440595068269819
0.650328614892255,"+",0.828612186672101
1.22185880429845,"+",0.682494395761158
1.33318390101005,"+",0.17546362339515
0,"-",0
0,"-",0.234562869370287
0.869457913704199,"+",0.745058080293458
0,"-",0.266965559404932
0,"-",0.585490116160587
0,"-",0.0185449358059914
1.47641779932178,"+",0.818626452007336
0,"-",0.802730792745058
0,"-",0.433054819645405
1.72633248597014,"+",0.392908090482983
0,"-",0
0.860070167542042,"+",0.870796820868148
0,"-",0
1.24180066061878,"+",0
0,"-",0.720603219889953
0,"-",0.740574689219482
0,"-",0.459547585082535
0,"-",0.392092928469533
0,"-",0.457713470552272
0.726267482891051,"+",0.46871815773385
0,"-",0.359078866924801
1.75495081071707,"+",0.793152639087018
1.32608027051499,"+",0.229875687792949
2.05751809890631,"+",0.428775219074791
0,"-",0.865702058284084
0,"-",0.300590992459751
0,"-",0.68106786223762
0,"-",0.186875891583452
0.940507231064367,"+",0
0,"-",0.460158956592623
0.929140700107864,"+",0.438353372732831
0,"-",0.0800896678214795
1.51123411178312,"+",0.399429386590585
0,"-",0.458528632565722
0.993396610650691,"+",0.42306908498064
0,"-",0
0,"-",0.902588139392704
1.36747921000026,"+",0.638271856531486
1.48243963987011,"+",0.341960464642348
0,"-",0.449765640921133
0,"-",0
0,"-",0.811493784389647
1.95089811949327,"+",0.387201956388832
2.3719407104721,"+",0
0.604172679459382,"+",0.443651925820257
0,"-",0.856939066639495
2.17478717681931,"+",0
2.22177454674826,"+",0.474628082331363
0,"-",0.448542897900958
2.1668756163322,"+",0
0,"-",0
2.25431718048717,"+",0
0,"-",0.791522315060118
0,"-",0.692480130425922
1.23265661949483,"+",0.858773181169758
1.66989005602548,"+",0.363562257998777
2.38258241729151,"+",0
1.7118617553295,"+",0.411453026288975
0.889662799682304,"+",0.873649887915223
2.10438004655306,"+",0
1.18137929721363,"+",0.414306093336051
1.5300915426844,"+",0.427144895047891
0,"-",0.872019563888323
0,"-",0.370083554106379
1.64290011267441,"+",0.392908090482983
1.81436245805565,"+",0.632158141430609
2.25775966161398,"+",0.467291624210312
1.08404945602804,"+",0.886692480130426
0,"-",0.641532504585286
2.18452599399909,"+",0.455675565518647
0,"-",0.8220908905645
2.4910707062894,"+",0.688404320358671
0,"-",0.42225392296719
0,"-",0.254738129203179
1.17794585618757,"+",0.754636233951498
0,"-",0.641124923578561
0,"-",0.154269411045445
0,"-",0.427756266557978
0,"-",0.286325657224373
0,"-",0.463215814143061
0,"-",0.256368453230079
1.91996529756053,"+",0
0,"-",0.182596291012839
0,"-",0.405543101691461
1.88503609469662,"+",0.697574893009986
1.83571724115939,"+",0.428163847564703
0,"-",0
2.99901572364754,"+",0.614835948644793
0,"-",0
0,"-",0
0,"-",0
0,"-",0.158141430609334
0.437345802538479,"+",0.449765640921133
0,"-",0.357040961891176
0,"-",0.444263297330344
1.92021370570036,"+",0.658243325861015
0,"-",0
0,"-",0.435296515182392
0,"-",0.397391481556959
2.37547280874254,"+",0.157326268595883
0,"-",0
0,"-",0
1.600853486456,"+",0.730996535561443
0,"-",0
0,"-",0.382310984308131
0,"-",0.732015488078256
1.70593547338393,"+",0.00957815365803954
0,"-",0.250866109639291
0,"-",0.411656816792337
0,"-",0
1.74130360427001,"+",0
0,"-",0.020990421846342
0,"-",0.277358875076421
0,"-",0.931730181373548
0,"-",0.481149378438965
0,"-",0.639902180558386
1.57150393782054,"+",0.474220501324638
0,"-",0.407988587731812
1.88054830915556,"+",0.292031791318525
0,"-",0.832280415732627
0,"-",0
2.08996865015039,"+",0
1.87049181002277,"+",0.31648665172203
0,"-",0.393723252496434
1.72614261478103,"+",0
2.59290746158095,"+",0.360301609944977
1.90375129004809,"+",0
1.33200247558617,"+",0.465865090686774
0,"-",0
0,"-",0.672712451599755
2.00138775354247,"+",0.24760546158549
0,"-",0.70593030364785
0,"-",0.556144283676381
0,"-",0
0,"-",0.336661911554922
0,"-",0.433258610148767
0,"-",0
1.56399310965288,"+",0
0,"-",0.217444467087834
0,"-",0
0,"-",0.594253107805176
2.3034855883273,"+",0
0.848213192258892,"+",0.639087018544936
2.16209816662043,"+",0.687792948848584
0,"-",0.444467087833707
1.67422022699858,"+",0
0.617684034197115,"+",0.869981658854697
0,"-",0.378438964744243
0,"-",0.382718565314856
0,"-",0.453433869981659
2.51894771481597,"+",0
0,"-",0.305889545547178
0,"-",0
1.31841052988947,"+",0.750356633380884
0,"-",0
0,"-",0.20990421846342
1.6907966849582,"+",0.480334216425515
1.54167716546894,"+",0.396983900550234
0,"-",0.386386794375382
0,"-",0.829019767678826
0,"-",0
0,"-",0.457305889545547
0,"-",0.466680252700224
2.14560021193091,"+",0
0,"-",0.436315467699205
1.2455775638078,"+",0.845730588954555
0,"-",0
0.871232303544898,"+",0
1.94960494617835,"+",0.54249031995109
1.39111364755584,"+",0
0,"-",0.472182596291013
0,"-",0.418381903403301
2.16380110062117,"+",0.448135316894233
0,"-",0.414713674342776
0,"-",0
1.13768625351892,"+",0.629305074383534
0,"-",0.422457713470552
2.55185003350502,"+",0.454249031995109
2.19509408385393,"+",0
0,"-",0.433869981658855
0,"-",0.381903403301406
0,"-",0
0,"-",0.313022213164867
0,"-",0.381495822294681
0,"-",0.0531893213776238
1.96606371511628,"+",0.42469940900754
0,"-",0
1.53136860970446,"+",0.452414917464846
1.1184660819427,"+",0.446912573874057
1.47096956626873,"+",0.395557367026697
1.68989523212849,"+",0.169961279804361
0,"-",0.173833299368249
0,"-",0
0,"-",0.787038923986142
0,"-",0.436926839209293
0,"-",0.436926839209293
0,"-",0
0,"-",0
1.81404718615565,"+",0.818626452007336
0,"-",0
1.30161500675832,"+",0.247809252088853
0,"-",0
2.23931684848936,"+",0.457305889545547
0,"-",0.848379865498268
0,"-",0
0,"-",0.435296515182392
0,"-",0.83411453026289
2.00416002237646,"+",0.531689423272875
0.843846147700266,"+",0.547992663541879
0,"-",0
0,"-",0.42225392296719
0,"-",0.445893621357245
2.14626690973484,"+",0
0,"-",0
0,"-",0.799877725697982
2.18138266187056,"+",0
0,"-",0
0,"-",0.911962502547381
0,"-",0.805380069288771
0,"-",0.486040350519666
0,"-",0
0,"-",0.382514774811494
1.74656133085108,"+",0.266354187894844
0,"-",0.467087833706949
0,"-",0.242306908498064
0,"-",0.364785001018953
0,"-",0.214795190544121
1.05793131466657,"+",0.657224373344202
0,"-",0
0,"-",0
2.72159442620997,"+",0.597106174852252
0,"-",0.390462604442633
0,"-",0.253515386183004
2.11296423371848,"+",0.711636437742001
0,"-",0
1.05965297925439,"+",0.397595272060322
1.16397646005212,"+",0
0,"-",0.458732423069085
0,"-",0
0,"-",0.419808436926839
2.37106003102387,"+",0
0,"-",0
0,"-",0
0,"-",0
0,"-",0
0,"-",0.274505808029346
0,"-",0.632361931933972
0,"-",0.426533523537803
1.56329647684106,"+",0.310984308131241
0,"-",0.453841450988384
0,"-",0.913796617077644
0,"-",0
1.19165516190869,"+",0.819441614020787
1.85919780513569,"+",0.588343183207663
2.3010565219101,"+",0.467087833706949
0,"-",0.670266965559405
1.87002740356441,"+",0.0507438353372733
0,"-",0.892806195231302
0,"-",0.555532912166293
0,"-",0.760138577542287
0,"-",0.230079478296311
0,"-",0.440187487263094
1.19840175927648,"+",0.621153454249032
1.14625364847323,"+",0.12981455064194
0,"-",0
0.950907712287246,"+",0.783778275932342
0,"-",0.0923170980232321
0.736897664215746,"+",0
0,"-",0.427960057061341
0,"-",0.747707356837171
0,"-",0.586916649684125
0,"-",0
0.620453523624463,"+",0.261870796820868
2.05003712684312,"+",0.711840228245364
0,"-",0.221112696148359
0,"-",0.869574077847972
0,"-",0.450377012431221
0,"-",0.865702058284084
0,"-",0.331159567964133
0,"-",0
0,"-",0
0,"-",0
0,"-",0
0,"-",0.829223558182189
1.11240001722411,"+",0.206847360912981
0,"-",0
0,"-",0.160994497656409
0.698896351673114,"+",0.607499490523742
0,"-",0.409211330751987
0,"-",0.581618096596699
0.927474899025573,"+",0.792541267576931
0,"-",0.454452822498472
1.03503738208674,"+",0.707356837171388
0,"-",0.73160790707153
0,"-",0.865294477277359
0,"-",0.264520073364581
0,"-",0.650906867739963
0,"-",0.33890360709191
0,"-",0.238638679437538
0,"-",0.33177093947422
0,"-",0
0,"-",0
0,"-",0.597921336865702
0,"-",0
0,"-",0.8830242510699
0,"-",0
1.3408959827899,"+",0.241287955981251
0,"-",0.532504585286326
0,"-",0
0.643611481095552,"+",0.416343998369676
0,"-",0.495007132667618
1.94010412181633,"+",0
0,"-",0.908701854493581
0,"-",0.26839209292847
0,"-",0.456490727532097
0,"-",0.909517016507031
1.07734044392129,"+",0.402893825147748
0,"-",0.131241084165478
0,"-",0
1.90472393454897,"+",0.249643366619116
0.924254076153467,"+",0.693499082942735
1.07753208498705,"+",0.860199714693295
0,"-",0.188913796617078
0.847602738438346,"+",0.348685551253312
0.974313763486035,"+",0.841247197880579
0,"-",0
0,"-",0.0947625840635826
0,"-",0
0,"-",0.372529040146729
0,"-",0.427552476054616
0,"-",0.0703077236600774
0,"-",0.336254330548196
1.1010180636857,"+",0.801915630731608
0,"-",0.400855920114123
0,"-",0
0,"-",0.450377012431221
0,"-",0.394130833503159
0,"-",0.639087018544936
1.69326669249098,"+",0.530059099245975
0,"-",0.831669044222539
0.99511294292972,"+",0.656816792337477
0,"-",0.25799877725698
0,"-",0
0,"-",0.255349500713267
1.20229542065056,"+",0.792745058080293
0,"-",0.00183411453026289
0,"-",0.721010800896678
0,"-",0.787854085999592
1.00907820199899,"+",0.81088241287956
0,"-",0.779091094355003
0,"-",0.34297941715916
0,"-",0
0,"-",0.778683513348278
0,"-",0.378031383737518
1.25050565801221,"+",0.833910739759527
0,"-",0.866313429794172
0,"-",0.891379661707764
0,"-",0.899735072345629
0.719338659015538,"+",0.64499694314245
0,"-",0.479722844915427
0.890254791004425,"+",0.546566130018341
0,"-",0.363358467495415
0,"-",0
0,"-",0.595883431832077
0,"-",0.386794375382107
0,"-",0.419197065416752
0,"-",0.427960057061341
0,"-",0.774607703281027
0,"-",0.219074791114734
0,"-",0.378642755247605
0,"-",0
0,"-",0
0,"-",0.865905848787446
0,"-",0.275524760546159
0,"-",0.443040554310169
0,"-",0.456286937028734
0,"-",0
0,"-",0.198084369268392
0,"-",0.360505400448339
0,"-",0.481149378438965
0,"-",0.833706949256165
0,"-",0.391685347462808
0,"-",0
0,"-",0.887303851640514
0,"-",0.890768290197677
0,"-",0.31567148970858
0.83455167095244,"+",0.820256776034237
0.863783459246928,"+",0.472182596291013
2.20078805549461,"+",0
0,"-",0.890972080701039
1.78141811543332,"+",0
0,"-",0.455471775015284
0,"-",0.444670878337069
1.00226115799641,"+",0.779294884858366
0,"-",0.66904422253923
0,"-",0.338496026085184
0,"-",0.476258406358264
1.10925785477444,"+",0.829427348685551
1.40106164095892,"+",0.471571224780925
0,"-",0
0,"-",0.467495414713674
0,"-",0.373547992663542
0,"-",0.899735072345629
0,"-",0.888730385164051
0,"-",0.427756266557978
1.47811378632866,"+",0.900346443855716
2.00258783217532,"+",0.780517627878541
0,"-",0.877929488485837
0.951785585241207,"+",0.909313226003668
1.44180138921583,"+",0.77807214183819
1.69981571545001,"+",0.591400040758101
0,"-",0.45669451803546
0,"-",0.332178520480946
0,"-",0.418178112899939
0,"-",0.825962910128388
0,"-",0.426941104544528
0,"-",0
0,"-",0.277155084573059
0,"-",0.475035663338088
0,"-",0.372325249643367
0,"-",0
0,"-",0.897493376808641
0,"-",0.404116568167923
0,"-",0
0,"-",0.166089260240473
0,"-",0.68106786223762
0,"-",0
0,"-",0.479315263908702
0,"-",0
0,"-",0
0,"-",0.257794986753617
0,"-",0.390870185449358
0,"-",0
0,"-",0.358875076421439
0,"-",0.452618707968209
0,"-",0.423272875484002
0,"-",0.432239657631954
0,"-",0.382310984308131
0,"-",0.112696148359486
0,"-",0
0,"-",0.455675565518647
0,"-",0
0,"-",0
0,"-",0.901161605869166
0,"-",0.51762787854086
0,"-",0
0,"-",0
0,"-",0.357856123904626
0,"-",0.46077032810271
0,"-",0.393723252496434
1.35716679882967,"+",0
1.76829599925935,"+",0.789891991033218
1.36797774859458,"+",0.673935194619931
0,"-",0.3525575708172
1.60640482554165,"+",0.423680456490728
0,"-",0.466680252700224
0.811486173310762,"+",0.420012227430202
0.78532246425913,"+",0.781128999388628
0,"-",0
1.22363427341883,"+",0.418789484410027
0,"-",0.417159160383126
0.478789040692088,"+",0.880374974526187
1.67718519280952,"+",0.0224169553698798
0,"-",0.910332178520481
0,"-",0.839413083350316
0,"-",0.757081719991848
1.56848926349027,"+",0.450784593437946
0.918787987696348,"+",0.799470144691257
0,"-",0.34297941715916
1.33193406058507,"+",0.795598125127369
0.872041390770809,"+",0.865090686773996
0,"-",0.53922967189729
2.45494973187647,"+",0
0,"-",0.21316486651722
0,"-",0.39983696759731
0.590824958647273,"+",0.874668840432036
1.08112314177752,"+",0.65783574485429
0,"-",0.585490116160587
0.758561552561009,"+",0.844711636437742
1.32954458757593,"+",0.451803545954759
0.354811971981824,"+",0.910535969023843
0,"-",0.772977379254127
0,"-",0.548807825555329
0,"-",0.712655390258814
0,"-",0.819645404524149
0,"-",0.852048094558794
0.910095810942487,"+",0.7644181781129
0.686296846072931,"+",0.805380069288771
0,"-",0.430201752598329
1.76210792118259,"+",0.821683309557775
1.15184771954717,"+",0.872223354391685
1.53726635720562,"+",0.887507642143876
0.443106313327388,"+",0.912370083554106
1.09143452060376,"+",0.913796617077644
1.01981542748029,"+",0.872223354391685
1.34521899075959,"+",0.935398410434074
0,"-",0.382922355818219
0,"-",0.437130629712655
0.926183690294158,"+",0.871204401874873
0.740781610775123,"+",0.870796820868148
0,"-",0.89504789076829
0.377859491513997,"+",0.355614428367638
0,"-",0
1.32098268987025,"+",0.904014672916242
0,"-",0
0,"-",0.395353576523334
0,"-",0.443651925820257
0,"-",0.85897697167312
0.396121831870004,"+",0.700224169553699
0,"-",0.857550438149582
1.72990216503514,"+",0.784185856939067
1.15717857505405,"+",0.866109639290809
1.79159282200318,"+",0.350519665783574
0,"-",0.193193397187691
1.61522291972944,"+",0.769920521703689
0,"-",0.909313226003668
1.07926022030567,"+",0.709802323211738
1.90521073610303,"+",0.434888934175667
1.10844137008928,"+",0.923578561239046
0,"-",0.793356429590381
0,"-",0.470552272264113
0,"-",0
0,"-",0.767678826166701
0,"-",0.724067658447116
1.53822267255748,"+",0.837782759323416
1.51261207646434,"+",0.884246994090075
0,"-",0.484613816996128
0,"-",0.794986753617281
0,"-",0.44548604035052
0,"-",0.276543713062971
2.05486802363082,"+",0.943550030568576
0,"-",0.474831872834726
0,"-",0.452007336458121
0,"-",0.468514367230487
0,"-",0
1.43216574727883,"+",0.451803545954759
0,"-",0.718972895863053
0,"-",0.406969635214999
2.07749709965715,"+",0.779294884858366
0,"-",0.459751375585898
1.09238462841862,"+",0.865498267780721
1.79301056409911,"+",0.352761361320562
0,"-",0.479111473405339
0.947703670826289,"+",0.590381088241288
1.87484051168905,"+",0.914611779091094
2.11616756792241,"+",0.839005502343591
1.72348982996304,"+",0.772569798247402
0,"-",0.841247197880579
1.80734463789444,"+",0.448339107397595
0,"-",0.633992255960872
0,"-",0.466476462196862
2.68541688021177,"+",0.696148359486448
0,"-",0.42143876095374
2.17501767500296,"+",0.451803545954759
1.57971339318672,"+",0.464846138169961
1.88190356872256,"+",0.825962910128388
0,"-",0.468106786223762
0,"-",0.443244344813532
0,"-",0.902791929896067
2.11745257159444,"+",0.831261463215814
0,"-",0
0,"-",0.788669248013043
0,"-",0
1.5724110491452,"+",0.719991848379866
0,"-",0.516608926024047
0,"-",0.905033625433055
0,"-",0.882616670063175
0,"-",0.317709394742205
0,"-",0.811493784389647
0,"-",0.897900957815366
0.841548979198532,"+",0.879152231506012
0.711752846528958,"+",0.865090686773996
0,"-",0.599551660892602
0.710487172812518,"+",0.885877318116976
0.773908537204404,"+",0.878948441002649
0,"-",0.942531078051763
1.70241436889221,"+",0.790299572039943
1.09124471662895,"+",0.930711228856735
0,"-",0.404116568167923
0,"-",0.69309150193601
0,"-",0.837578968820053
0,"-",0.891379661707764
0,"-",0.82290605257795
0.523316903004098,"+",0.907682901976768
0.814768724610891,"+",0.752190747911147
0,"-",0.803342164255146
1.44312147081455,"+",0.863664153250459
0.67986690305448,"+",0.795801915630732
1.37948939428659,"+",0.865905848787446
0,"-",0.845730588954555
