,p.value,statistic.t,mean_case,mean_control,p.adjust,log2FC
Sunitinib_5,1.65476586082295e-07,5.44708243368739,17.9332337730711,14.1454549954821,1.41232342074889e-06,0.342297080174017
PHA.665752_6,1.4000444253212e-07,5.43918883825128,20.3300062095472,18.8423775929183,1.25321049778751e-06,0.109629635413375
MG.132_9,5.87354322742632e-07,5.19273973733033,0.950975329360466,0.769137554183152,3.99183400826937e-06,0.306166278625631
Cyclopamine_17,1.67983067633249e-06,4.94215353892554,134.953633860547,121.930809886198,9.20146057035859e-06,0.146401107345603
AZ628_29,4.15659745296032e-05,4.19333426854438,8.07902309399576,6.26817421642215,0.000139951492223526,0.366135576174991
Tozasertib_32,0.00373059207880238,2.94070366992751,4.48899888870078,3.9706133715636,0.00651965377581178,0.177031850179148
Imatinib_34,0.00518670080176475,2.82584341872256,22.0988384915479,20.9526963493112,0.0086918684668843,0.0768346313478352
Crizotinib_37,6.80807151928558e-07,5.12650780028888,17.2157363816898,15.1154321808086,4.54284045014147e-06,0.187705662584404
Saracatinib_38,0.000113374852179392,3.94469969725747,10.9156167042491,9.49759094224587,0.000323052275910216,0.200760114886571
S.Trityl.L.cysteine_41,0.000361425710190422,3.63235496574456,3.48810737668347,3.1549876058221,0.000850277151537724,0.144810114541659
Z.LLNle.CHO_45,5.66420933514131e-08,5.72629186370334,2.13293930057716,1.7568397216496,6.49614008124019e-07,0.279860331135753
Dasatinib_51,0.000182988059209915,3.85985264152787,2.21522438404927,1.28233085115462,0.000469626697412858,0.788684303024926
CGP.60474_53,6.92066976568028e-10,6.56131029784461,0.117465290521821,0.0937785923895878,2.87738418664269e-08,0.324903992407563
A.770041_55,6.04235929578075e-08,5.67379547715341,10.3217749098191,7.96896506416097,6.52219371044569e-07,0.37322679723464
WH.4.023_56,2.0061906830492e-09,6.36202121482108,13.6102496996092,9.12390830961249,5.13121650956039e-08,0.576969681876812
WZ.1.84_59,0.000453923722631916,3.57594844972957,50.1499882251473,45.8017781799707,0.00102833337164144,0.130845752391737
BMS.509744_63,0.00203024942462209,3.12784929641167,19.6493924504978,18.6157321439067,0.00384072958163044,0.0779623482496994
CMK_64,5.71325201183407e-07,5.20618110512455,9.70363051994059,8.16752314080069,3.95615752517567e-06,0.248625981546274
Pyrimethamine_71,0.000336120142708986,-3.64389858652859,48.7943922186198,54.3254641190316,0.00080101358684544,-0.154913241794471
JW.7.52.1_83,5.17761284329418e-05,4.15272933153398,0.165729558958583,0.148330428098968,0.000165233383781649,0.160016361000221
Parthenolide_89,0.000139795118610203,3.88141710553705,25.6068502819403,23.1215348287714,0.000380035618740329,0.147292639663476
GSK319347A_91,0.0292189959425937,2.19702559964774,56.4377746725444,54.973926889629,0.0420524372977721,0.0379135665080994
TGX221_94,6.15309852049784e-13,7.6760025846448,57.922935502617,53.9492898450454,1.99120423335489e-10,0.10253075017113
Bortezomib_104,9.54316208689885e-07,5.07745228573154,0.00337517683683597,0.00262097497814706,5.55927061252679e-06,0.364859511126035
XMD8.85_106,1.87636150006837e-08,5.88291286929468,17.0101288172654,13.3695140669326,2.73050380839906e-07,0.34744703685281
Seliciclib_110,0.0222834610835029,2.30359352945965,57.2798478485681,54.0799211331471,0.0328434948499822,0.0829346127189852
Salubrinal_111,0.0254414818805356,2.25148662086351,40.5898533265847,38.9236281842203,0.0370516819450657,0.0604729326221157
GSK269962A_127,1.97326416735802e-08,5.87283022034369,12.4406797924238,9.47280655852763,2.73050380839906e-07,0.393201491352899
Gemcitabine_135,0.000373742654681689,-3.61959004363894,0.078737700680975,0.109087328743752,0.000873653211899234,-0.470357044008491
Mitomycin.C_136,1.82951557374769e-05,-4.37914518227965,0.44009250761006,0.582198256634558,6.92198160376704e-05,-0.403703708719416
Vinorelbine_140,0.0345563571841091,-2.12651233858008,0.0182173037761766,0.0201676459065888,0.0485907397952798,-0.146733242320538
Bicalutamide_150,0.0160927746040362,2.42725010277116,13.881185732276,13.1843762437731,0.0244051581805012,0.0743014897907874
CP466722_152,0.000124862182538814,3.91382155126454,11.2250774175946,9.51014161148882,0.00034908984225434,0.239186666122731
Midostaurin_153,2.24648009499917e-05,4.36261276597568,1.09814627437905,0.897820072032058,8.32786055418884e-05,0.290571980618008
CHIR.99021_154,0.000171945409451324,3.82725933420963,24.1977457321137,21.4199821417877,0.000447545852969049,0.175915374649846
Ponatinib_155,3.27668617562942e-12,7.44176868533574,2.46066075982718,1.70224050879031,4.00847942151999e-10,0.531610884509366
AZD6482_156,4.30394016971434e-09,6.2634616947091,14.8796943326561,10.6675414393302,8.77525579047312e-08,0.480117175198948
JNK.9L_157,0.035965970555781,-2.11006768123119,0.678939672239233,0.720950564350357,0.0499981484620137,-0.0866169488469427
HG6.64.1_159,1.0851249228092e-12,7.57430213055222,2.80314653195595,2.51794971329775,1.99120423335489e-10,0.154797691058719
DMOG_165,0.00116361594076176,3.30126201496039,665.693507858908,540.890841320375,0.00238573771094729,0.299520629373605
FTI.277_166,0.00826366127837494,2.66561079001241,8.67671492328626,8.17161196781501,0.013462336952688,0.0865282308965541
Shikonin_170,0.00125108936855635,3.2798991254074,1.10599818052398,0.986720329331421,0.00252280108934166,0.164635874138519
Embelin_172,4.44528050034826e-05,4.16869308333021,16.3723931426257,15.9341147228187,0.00014802747426132,0.0391463478526027
FH535_173,2.38300060744444e-08,-5.78826996948186,6.36190739253055,7.84475060747566,3.12343293904325e-07,-0.302268211836474
IPA.3_176,0.00240166199460555,3.08550738860337,66.6610718127293,53.4522676509622,0.00438512413940417,0.318593360143528
BAY.61.3606_178,0.0215361577295735,2.31878659739023,9.36180216772494,8.23801608044904,0.0320836806309388,0.184489336223177
Thapsigargin_180,0.0163268584092167,-2.42247950385494,0.0145486287147836,0.0149037857088036,0.0246582594081586,-0.0347956581276684
Bexarotene_186,0.00279459369353023,3.02671691687738,36.6817846057984,34.0141947688766,0.00502752885061566,0.10892689316928
Phenformin_196,0.00546531480848259,2.80784610091299,2272.99457646536,1971.82536865441,0.00907588477245751,0.205062454230466
Pazopanib_199,5.47181194592822e-06,4.68821218517953,29.4550225360688,25.3349570560327,2.57455767199443e-05,0.217384273383218
Epothilone.B_201,0.000843488101317561,-3.38485412586237,0.00622961761595621,0.00755620508225141,0.00178936493169679,-0.27851824730507
Tipifarnib_204,0.00438063771658274,-2.88340396064924,4.82317948227346,5.41532104655871,0.00751258898124237,-0.167062373044545
Ruxolitinib_206,0.000145299250648125,3.87136294491692,63.6517146436739,58.2892629907416,0.000392094301381339,0.126969217500066
TL.2.105_211,0.0088912401004223,2.6431262947033,62.6311498104729,56.2279005807612,0.0140650220554094,0.155594183820668
BX.912_222,7.71178415388774e-07,5.11842733557937,19.4878109873596,14.093342877707,4.87969790427034e-06,0.467558192668867
ZSTK474_223,0.013023779218753,2.51248158458461,2.79768709466112,2.33914878270102,0.0201676243598412,0.258250986385003
Genentech.Cpd.10_225,0.00190494636134825,3.15052412455007,11.1763040405727,9.53223002516742,0.00369568457885001,0.22955750234351
GSK1070916_226,0.000729679182105393,3.43331050098563,7.64255228237042,6.34462269089871,0.00157770509888002,0.268520145741552
Enzastaurin_229,0.0045075308182019,-2.8692857541318,25.7694720136057,28.8351994337534,0.00769425028037255,-0.162168022221075
GSK429286A_230,7.14086212105522e-07,5.11669132082093,144.906081196618,116.259873749897,4.64753103097002e-06,0.317764893965312
FMK_231,0.00013557564491371,3.88594084389536,166.796688459955,151.317671038944,0.000373343568601739,0.140510169299761
IC.87114_236,1.20289473880374e-09,6.38391895525397,207.307047749174,175.527139266907,3.39586437800749e-08,0.240075052901071
Idelalisib_238,1.0746561897236e-07,5.53149569432639,96.9536585133685,77.5696592642976,1.01127902981683e-06,0.321802874549358
UNC0638_245,0.00457515194673892,2.86704286017192,22.7770480506714,20.2932396374007,0.00777352205765363,0.166581586035935
Cabozantinib_249,8.91582922179108e-10,6.42551449974119,19.1170466005054,15.1184799849805,3.27210932439733e-08,0.338546560050535
XMD14.99_253,0.00183920824230742,3.1549353413639,95.7273678827731,86.7938144258188,0.00359036928152566,0.141339212447458
Quizartinib_254,3.03808376336513e-07,5.29968744275734,10.7419770656892,9.32307135881639,2.28276008513188e-06,0.204382331911915
CP724714_255,1.41793273628519e-05,-4.4440231989262,76.4535433762928,83.3990320581827,5.53597142783685e-05,-0.125447272210422
JW.7.24.1_256,7.41927540545978e-06,4.6347580584559,5.52872480960283,4.13503798384298,3.28057117325752e-05,0.419046181982685
NPK76.II.72.1_257,0.00849378789582767,2.66169420194135,22.2061153104863,18.8215525273905,0.0134944595574405,0.238571396925577
STF.62247_258,4.86141828229418e-06,4.70044723542064,98.2797271108389,84.9370551337662,2.34755330210785e-05,0.210499762193609
NG.25_260,4.54626537839788e-05,4.17083826086223,19.1156638947708,15.1080700495565,0.000148971374452859,0.339435928371084
TL.1.85_261,2.00881751571593e-08,5.84232692790522,35.8388557694612,26.3458277286854,2.73050380839906e-07,0.443950070301585
FR.180204_263,0.015932105950771,2.4311985755211,150.914873975889,143.598283745271,0.024261754705116,0.071696496545935
ACY.1215_264,0.00531929636742681,2.82892262576321,6.15646700867095,4.92782847606091,0.008873553485662,0.321150633037653
Tubastatin.A_265,0.000266807858948465,3.71433676057012,107.028287234606,90.3284818067985,0.00065278989489391,0.244739280669362
Zibotentan_266,0.000125558199393931,3.91048602880515,256.052429879927,239.729698063262,0.00034908984225434,0.0950306067872443
NSC.207895_269,0.0136014107078796,2.49295576522355,62.0371586595019,54.4892290320537,0.0208858482418068,0.187161533185041
VNLG.124_271,8.04022328247282e-07,5.08347459886305,56.0053581455065,48.0788646000057,5.00129143163987e-06,0.220162032636263
AR.42_272,1.14059858121684e-05,4.55151662212121,0.773928673914442,0.553108862738363,4.75681453757476e-05,0.48463715293544
CUDC.101_273,5.82472971362826e-05,4.13069505623077,0.750500610023479,0.586803117485197,0.000181158966517082,0.354976708921571
Belinostat_274,3.28260713383314e-05,4.28702716469911,1.22873748035719,0.913495259459564,0.000116962797875414,0.427707569790817
I.BET.762_275,8.37953202603283e-07,5.09344814618472,58.5246880835184,42.7775208669334,5.12548042259008e-06,0.452192465467491
CAY10603_276,1.67854024494671e-06,4.99605298907965,2.57018620768886,1.81711702037842,9.20146057035859e-06,0.500221554599142
Linifanib_277,2.3808010027423e-10,6.67048457332889,12.1720538228632,10.5242049097266,1.24821995429489e-08,0.209861374708315
BIX02189_279,1.37122720398854e-06,4.97634041040629,87.7193242512625,72.6858914971981,7.74215975175068e-06,0.271219337393058
Omipalisib_283,0.000239833140025009,3.7777768272676,0.0690482076730554,0.0484391494435485,0.000598767091082845,0.511430433471181
KIN001.236_286,3.576077824527e-05,4.22980311909895,86.6261950819519,74.588283699137,0.000122766675188418,0.21585432033345
KIN001.244_287,3.84331607914007e-06,4.75305391049876,29.7618751828072,25.139695832072,1.93218767266357e-05,0.243498233510062
KIN001.260_290,0.000136316180361398,3.8898960152599,125.800832409548,107.483521942613,0.000373343568601739,0.227025967964912
Masitinib_292,0.000723348623817069,3.43488632918752,43.6904374158941,37.3551706585771,0.00157770509888002,0.226009596716405
NVP.BHG712_295,6.79017941315681e-05,4.07797134384718,28.5585140878038,22.4044493037027,0.000209411415515004,0.350135651446417
OSI.930_298,4.88058979968467e-05,4.16585897049961,68.2376774642349,58.0452527073979,0.000157120741796866,0.23339046439156
OSI.027_299,0.0010280585759309,3.35667211270363,4.13697463520022,2.68522273422445,0.00213162427890758,0.623534350044573
CX.5461_300,0.000752209177350784,3.42562324623676,31.2692830010177,24.8823324037885,0.00161439045665344,0.329624412696229
PI.103_302,0.00378251459954901,2.95900785278984,5.95088567875808,2.30350375482235,0.00657906567788856,1.36927445314365
PIK.93_303,3.07217748279138e-07,5.32275608106446,19.7439511441975,14.1273418415633,2.28276008513188e-06,0.482920691682092
TPCA.1_305,0.000387468739142923,3.62859425923104,26.2835149741024,19.9975839106159,0.000894346083430521,0.394332519078491
Fedratinib_306,5.99295538130585e-08,5.6364353669724,12.2089751322942,9.26220672505217,6.52219371044569e-07,0.398514237797306
Foretinib_308,1.9466595735966e-07,5.39168114288195,1.46240814524173,1.08226407409084,1.62369105343171e-06,0.434293449058856
Y.39983_309,9.63976951498555e-05,3.97695630178076,99.4771687361286,83.0734806407527,0.000283023632959976,0.259977444738484
YM201636_310,0.0218195362796644,2.31205874626326,10.144729381938,9.20108458003896,0.0322893944138582,0.140854546336617
Tivozanib_312,4.63497818953941e-09,6.11895348671445,1.59460527781586,1.36665157875954,8.95282629242612e-08,0.222553867581914
WYE.125132_317,0.0283178565688139,2.21709946807239,1.01547958440366,0.745761415799206,0.0409159581132075,0.445375173418191
SNX.2112_328,0.00207681617925224,3.12945575836919,0.630108828093364,0.460214731893828,0.00390867455274652,0.453293856280184
QL.XI.92_329,2.16906740460226e-06,4.89766562858158,58.6492214656799,44.8748733550351,1.16489650167004e-05,0.386204090046404
XMD13.2_330,0.00160506210078456,3.20099031104367,36.3708776009915,30.2736354048033,0.00316697737090288,0.264721805944739
QL.X.138_331,0.00115596173298859,3.32008430216948,5.54697593752497,4.10029659191196,0.00238335930340906,0.435973197364877
XMD15.27_332,3.50317228015337e-05,4.23009713533747,117.11377423648,103.235681062372,0.000122766675188418,0.181969075521729
T0901317_333,0.000211709980943365,3.76901295104274,94.3866576513513,83.023741034178,0.000535845262111827,0.185058995936816
Selisistat_341,0.00774850555265004,2.69056225235636,243.603596690442,228.510290348179,0.0126950961509936,0.0922762994540404
Tenovin.6_342,0.000573636588545555,3.51602291721325,8.07829801272399,7.18563771673334,0.00129156213494613,0.16893516899261
KIN001.270_345,0.000678840649730954,3.45571800189404,151.492129451871,134.779983463005,0.00150081035211602,0.168636588654838
THZ.2.102.1_346,7.12241241574074e-05,4.08240831766167,0.234312271708181,0.160981489790541,0.000217827113048071,0.541537703085976
AT7867_356,0.000852556249381028,3.39308534372591,26.7305353438104,21.8871604421742,0.00179302647778837,0.288403934504076
PF.00299804_363,0.0230281670014743,-2.29016917732565,6.74592475624682,7.56980740732045,0.0338053491581643,-0.166240368630591
TWS119_366,0.027866700819492,2.21841475327589,13.5604512092126,12.0042063062358,0.0404232379476426,0.175865164722912
Torin.2_371,0.00830466721004808,2.66666700017955,0.337302938419925,0.276005897505188,0.013462336952688,0.289345792618229
GSK1059615_374,3.57548946176212e-05,4.23638577436828,1.1123885986974,0.845645848689801,0.000122766675188418,0.395535360053841
Voxtalisib_375,9.91475610522626e-05,3.96866691610172,79.0506285317632,70.1096626331918,0.000288786943699844,0.173163640873116
Brivanib..BMS.540215_376,0.00342738001298405,2.96743313087739,81.4716045207374,72.9646575912343,0.00604734838829398,0.159099496491343
AST.1306_381,0.016635770043055,-2.41359083501213,5.06209581156936,5.66369949637723,0.0250218344500048,-0.162009907217387
Apitolisib_382,0.0084516246549692,2.66792634543269,1.38010625320578,1.10862241709851,0.0134944595574405,0.31601125783619
LIMK1.inhibitor.BMS4_406,0.00832684056746639,2.66936398628615,153.078138371399,142.875526757745,0.013462336952688,0.0995094437632671
kb.NB.142.70_407,0.0019687582348823,3.15029334188165,13.0494457538631,10.8841415180669,0.00374370089223732,0.261760912769532
Sphingosine.Kinase.1.Inhibitor.II_408,3.70002866894227e-05,4.21777125186604,33.7439513581426,30.9336298438158,0.000125732455694612,0.125452787130083
eEF2K.Inhibitor..A.484954_409,0.000349171198223809,3.63664040371993,283.131164840008,262.740714697712,0.000826747288697665,0.107830778451135
Venotoclax_412,2.09220798136681e-07,5.38323024006309,3.10495164243658,2.7264977303153,1.70631184258138e-06,0.187521845121861
CPI.613_415,0.0003136690721058,3.66814467222543,195.260415477871,175.937834555548,0.000752395748123063,0.15033374533598
Ara.G_427,2.29984422718087e-06,4.8617652635666,234.89117826616,205.857811766774,1.2057754733934e-05,0.190344335315215
Alisertib_431,3.57930088423998e-05,4.25333147486857,6.96995002806818,5.18771135905263,0.000122766675188418,0.426050101355748
Flavopiridol_432,0.000148279725757685,3.86917747523981,0.310367211465331,0.264916397047285,0.000394338111254134,0.228439010694886
C.75_435,2.25354602235264e-07,5.37602384928217,115.197200106584,84.1148229531913,1.79793780479004e-06,0.453673688366799
CAP.232..TT.232..TLN.232_436,2.67278793663511e-06,4.84680028979583,64.9664287697732,51.9907379466724,1.38156784893674e-05,0.321439769143941
Panobinostat_438,0.00231716945984559,3.09042773837702,0.0484529056329357,0.0427464493015036,0.00429495551395622,0.180778595337832
LCL161_439,0.00405187592027845,2.90947317610562,43.7272827370643,40.459518589464,0.00701433237142543,0.112054546512615
IMD.0354_442,5.54820435242677e-05,4.16293071185352,1.51921526409951,1.13963480432888,0.000174033418576122,0.414754718741993
MIM1_446,3.93427896912643e-06,4.75396638952035,35.7585637865496,27.5693120362911,1.95118970495865e-05,0.375225526186686
CD532_449,0.00597892589162747,2.77929484655751,1.34859408119158,1.1879552076376,0.00988408019021298,0.182975731260187
NSC319726_461,0.0084835753204349,2.67395648401411,0.0672512707030725,0.0454244571793759,0.0134944595574405,0.566092253033055
ARRY.520_474,0.000249003301494044,3.75420803293955,0.0719582430158066,0.0456686417631455,0.000613316856700096,0.655956078161632
LDN.193189_478,4.72065624659941e-05,4.15899054452096,2.51842571793311,2.24080993235564,0.00015331688871699,0.168501895440218
FTY.720_546,3.20717732286788e-07,5.28250094823554,9.30724758342486,8.31614354412257,2.30790995586767e-06,0.162439924468483
BAM7_552,0.000113552434856725,3.93789139480451,140.390936827189,123.58271031893,0.000323052275910216,0.183972884091298
Vinblastine_1004,8.28249144700071e-05,4.02612663164436,0.0192454589842375,0.0148364732680333,0.000245135029116876,0.375369884183893
Cisplatin_1005,1.69211350799462e-05,4.42571554436703,20.4331519973619,15.9493092391682,6.46880893160442e-05,0.357417827355636
Tretinoin_1009,1.18886956580354e-08,5.93386215661633,61.2718387496846,48.2580024005077,2.07769109833285e-07,0.344455949174917
Navitoclax_1011,1.92069998033566e-08,5.90988253454175,6.03324118477265,4.39198936032287,2.73050380839906e-07,0.4580586972844
Vorinostat_1012,2.19013238733604e-06,4.8910768067555,3.31619235253713,2.58558296117194,1.16489650167004e-05,0.359038095429618
Nilotinib_1013,8.76759794109817e-07,5.06548774424614,19.4398739222179,16.8196439926217,5.18985232965005e-06,0.208871692746372
Refametinib_1014,0.000272455077308067,3.73423008187454,7.98727488250543,5.61685915153204,0.000662192141536825,0.507939738646399
CI.1040_1015,0.00083707309698466,3.40506969506639,11.9898259856097,9.79342479714874,0.00178608038717076,0.291925351333484
Temsirolimus_1016,1.62365274806463e-07,5.4559379311667,0.190091489641208,0.125847925449825,1.41232342074889e-06,0.595012509784264
Olaparib_1017,0.000117107582489882,3.92860726284716,40.1418862598713,34.744236691555,0.000330603713644513,0.208334724118482
Veliparib_1018,0.00192867530948513,3.14012117494156,51.750329619457,47.7293477042102,0.0037058839716285,0.116691431915638
Bosutinib_1019,0.000730817075775487,3.4331582038384,7.41176064859222,6.25582020889995,0.00157770509888002,0.244617242044499
Lenalidomide_1020,0.00123260936560136,3.27465965860011,53.6053371248175,48.7001807694777,0.00249926871367789,0.138449519892404
Axitinib_1021,1.59625830096082e-05,4.42377332821304,9.95797322563665,8.065050434284,6.16659785739602e-05,0.304168581171225
AZD7762_1022,1.35292322628245e-06,5.01968362642556,0.983841990536074,0.656761418124336,7.74215975175068e-06,0.583057253285408
Lestaurtinib_1024,7.05625549857881e-10,6.55831205488376,0.874816149265548,0.517205088739506,2.87738418664269e-08,0.758243383266083
SB216763_1025,5.54362212260398e-05,4.1182137643781,89.688117681825,79.3652332170242,0.000174033418576122,0.176409704673188
Tanespimycin_1026,0.00488708176989886,-2.84271820087378,0.567718162953835,0.697666953793085,0.00823997447845358,-0.297363601146367
VX.702_1028,6.50386758206086e-06,4.6247625443748,20.9071301468553,18.1707356400009,2.98364925327042e-05,0.202378213418267
Motesanib_1029,7.91713414576284e-05,4.02691976063339,15.6930996766814,14.4835400716336,0.000236226685487395,0.115716069817101
KU.55933_1030,0.000170716420713555,3.83476501354304,53.0115962981938,46.1824022798478,0.000447520902870533,0.198964764012923
Elesclomol_1031,0.00125847590667966,3.26911858975475,0.0532772316164404,0.043638841064674,0.00252382873088216,0.287906331349952
Afatinib_1032,0.000193712189786731,-3.79006609933503,2.89715227461606,3.34110598528317,0.000493697039248128,-0.205690233219594
Vismodegib_1033,0.000179763289690292,3.81121035210144,91.5694208939286,81.7508553835157,0.000464599488143219,0.163632072611983
PLX.4720_1036,0.00158059225978145,3.2027868775725,53.8939409692898,47.9735399226034,0.00313555329372861,0.167884188403045
BX795_1037,3.02050704405336e-09,6.25526895166191,8.40200595046964,6.00390550613113,6.92828803229741e-08,0.484832536625966
NU7441_1038,4.60136909712273e-08,5.67975589202746,11.5689677923991,9.58853587380174,5.48539622657873e-07,0.270877705761426
SL0101_1039,0.0347600446883051,2.12469181311933,82.1960144557183,77.10517447207,0.0486905969488854,0.092240760183651
Doramapimod_1042,4.90319978621491e-09,6.09035224381939,67.5031379556502,66.4550302037376,8.99737160770436e-08,0.0225761628935175
JNK.Inhibitor.VIII_1043,0.0194438528499712,2.357127159351,84.0112416747665,79.5669374030657,0.0291260979426099,0.0784133205298921
Wee1.Inhibitor_1046,0.00133099103865344,3.25366129443349,7.61036517569818,6.73269114477917,0.00265474843035768,0.176782397447753
Nutlin.3a...._1047,6.12309281525434e-06,4.6413141844698,47.426474640999,36.2150090140142,2.8445253964536e-05,0.389104897951784
Mirin_1048,0.00310935885255203,2.99251770335791,133.337421368404,111.297234740107,0.00553948882954658,0.260663983681555
PD173074_1049,0.00247177956660601,3.06293215248865,15.5137617038283,13.9026752060376,0.00446868522632712,0.158186028117071
ZM447439_1050,0.00316901374998654,2.98979969487173,9.45193737709806,8.45016683353485,0.00561849297702928,0.161630245779144
MK.2206_1053,3.85954894836856e-07,5.25037180220012,7.06726280593154,5.32570685278496,2.72395089240627e-06,0.408178539311295
Palbociclib_1054,1.15400088131991e-09,6.37154253158426,5.48899080076523,5.10029685316696,3.39586437800749e-08,0.105959702566091
Dactolisib_1057,2.62267895689786e-08,5.84330993970417,0.102282410356425,0.0739072625321078,3.31904543855695e-07,0.468770020648439
Pictilisib_1058,7.21823620613872e-07,5.15230162256485,4.4670326988891,3.16622745286436,4.64753103097002e-06,0.496551916928196
AZD8055_1059,1.33633123349359e-07,5.47323202623543,1.25392734973973,0.953534904110648,1.22608390673036e-06,0.395096109028812
PD0325901_1060,0.000665361980725081,3.47736399791674,0.665935993451372,0.486724883437214,0.0014799263450067,0.452276985904669
Selumetinib_1062,0.0215931038578798,2.31829025301131,15.1828397553474,13.792484677329,0.0320836806309388,0.138559275866595
AZD6482_1066,8.64591484626726e-07,5.15543847921271,14.1139026909843,10.0786887943547,5.18985232965005e-06,0.485809007435986
CCT007093_1067,0.00636678796575312,2.75594528330294,61.1140315508962,57.6175243893433,0.0104780770557462,0.0849959808183866
EHT.1864_1069,0.033934150214227,2.13472363699378,43.1635472693907,40.8584342249462,0.0480842977939047,0.079179515116956
Avagacestat_1072,0.00214646225965735,3.10679039844793,38.2695132870322,37.7437272094666,0.00399873933651902,0.0199586561431503
BMS.536924_1091,0.02509150886887,2.25920313331515,10.3668075655833,9.23282979248341,0.036687584680778,0.167126892067156
AZD4547_1135,8.27765610772168e-06,4.58571851500299,25.1983848288271,18.615474045292,3.57399975474571e-05,0.436828907469487
Capivasertib_1136,8.61634331320555e-08,5.58750400504955,30.7189793945601,19.6503087150395,8.5464810701255e-07,0.64457830680698
HG.5.113.01_1142,0.00191329719341009,3.14604807840875,4.84810733899163,4.3793507896501,0.00369568457885001,0.146704625501744
HG.5.88.01_1143,0.000154118080918742,3.86007653290937,31.9259410418411,27.0276304140458,0.000406916084152362,0.240294112694278
TW.37_1149,0.0133142567180406,2.50586686643148,0.6181141811063,0.545330953699636,0.0205308076282391,0.180741317462656
XMD11.85h_1158,4.6334409543308e-08,5.66472199869903,52.3544289953608,43.3626967446131,5.48539622657873e-07,0.271857107799893
ZG.10_1161,8.25265549910753e-08,5.57934828374927,4.17362617386734,3.3789752447104,8.41312380047907e-07,0.304715605047792
XMD8.92_1164,2.09722745622359e-09,6.26339023313879,22.829755783557,18.6466714390821,5.13121650956039e-08,0.291997304387369
QL.VIII.58_1166,3.09767186959011e-05,4.30492782546292,0.325880070860398,0.259084659384544,0.000111455448641134,0.330917532118708
Rucaparib_1175,8.53908194565752e-06,4.56911084845741,37.403588500266,32.0415771072607,3.64400357448408e-05,0.223231529032309
AZ20_1184,0.00352540537152267,2.95421876313553,2.67930894934839,2.22486925309586,0.00619054436052067,0.268140389986962
KU.60019_1185,0.0043500985130114,2.88948626661302,24.2092907005435,21.8747518209774,0.00749524016091635,0.146294161938187
GSK269962A_1192,9.92915053678124e-08,5.51540153709978,10.9710799118086,8.49987320568145,9.58946907104925e-07,0.368192315388512
SB505124_1194,8.26983951966054e-11,6.82454757187241,80.3812178578097,65.5856779127801,5.53995587219831e-09,0.293477631089304
Tamoxifen_1199,4.33043354238361e-06,4.71375333904092,44.9882524703947,39.7755827097119,2.11902548007304e-05,0.177665261669031
QL.XII.61_1203,6.43877801628012e-08,5.6153013673298,56.4849727338165,45.7716035604872,6.75151866278515e-07,0.303414267738996
JQ1_1218,3.66753007851211e-09,6.15159546622632,9.59591747423736,8.07700380302658,7.91755022831733e-08,0.248600531676176
PFI.1_1219,0.000105801425571421,3.94894441324193,14.9329591448244,12.5420289773628,0.000305741127438674,0.251729323182937
IOX2_1230,0.033318074526738,2.14221173277391,1.03750448322555,1.00324559988605,0.0473943153151661,0.0484427419471508
YK.4.279_1239,0.000220060290769422,3.76705681749169,4.51444246185082,3.80422090710765,0.000553165251454644,0.246946800015426
CHIR.99021_1241,1.33927279407093e-05,4.46876789853889,49.7285126385438,42.7409164983419,5.4612568380448e-05,0.218455437106317
X.5Z..7.Oxozeaenol_1242,1.44552786915981e-08,5.95064058870746,3.38078259739402,2.22543267898158,2.30655968687674e-07,0.603271387283859
Piperlongumine_1243,2.8997375619382e-07,5.29739516191193,5.14595700143008,4.41943704679418,2.26426316006664e-06,0.2195767931648
Talazoparib_1259,0.00300000042871993,3.00625182059593,12.7693282672394,10.2315682254089,0.00537073247483031,0.319655345264301
UNC1215_1262,0.000303323511064006,3.67134853684624,11.7850734133618,11.0313554010024,0.000732366635266382,0.0953506827400647
UNC0642_1263,0.0011774576294338,3.28760702581054,5.80572189098435,5.49291532348228,0.00240070527779002,0.079903412779568
SGC0946_1264,0.00213662662788714,3.10893705248849,6.02544202461761,5.73245442907548,0.00399873933651902,0.0719140999481946
ICL1100013_1266,0.00194571844690552,3.14402494987166,8.02231633879564,6.5630316301186,0.00371915973965795,0.289656470035721
XAV939_1268,0.0343859702457657,2.129600261077,30.3909642051401,28.6065204334448,0.0485371195392155,0.0872984220516284
PLX.4720_1371,1.0915282565155e-05,4.50924329219642,79.8901341215014,68.730898885117,4.60449276024357e-05,0.217058523779753
Trametinib_1372,0.0048945897446945,2.8592578334711,0.813977922208168,0.556599081994981,0.00823997447845358,0.548351135109841
Dabrafenib_1373,1.41533349789407e-08,5.92465482059039,50.9321453664723,35.2697822014441,2.30655968687674e-07,0.530143820953941
Temozolomide_1375,0.0118893885234124,2.53871991165747,298.88638659313,275.014623090857,0.0185676833535845,0.120088856215859
Afatinib_1377,0.000641446453778935,-3.46241090259263,38.3917095783549,45.8891263550314,0.00143543200327359,-0.257357536081451
Bleomycin..50.uM._1378,0.00041026023525645,3.6010627684116,16.1693197126517,11.586957538845,0.000941034414619482,0.480757183521184
AZD3514_1382,1.28927668555334e-05,4.46272768775451,31.0809509596355,26.9275189515999,5.3164555460458e-05,0.206949336544756
Doxorubicin_1386,9.05714856490187e-11,6.83334107958571,0.184742492810957,0.16794351901718,5.53995587219831e-09,0.137539617580125
Bleomycin..10.uM._1392,0.00235411187205713,3.0836337947996,10.4209179023272,8.2894639784373,0.00434150279922093,0.330131638783734
Gemcitabine_1393,0.000376937928982778,3.62517717614477,0.031066511070545,0.0252111928525636,0.000875545695801768,0.301295848394215
AZD6738_1394,0.000242728762583543,3.74712256455238,6.83537368445019,5.1100014552073,0.000601901728838921,0.419696508971008
AZD5438_1401,0.00164225186383686,3.1917562694012,2.31814609791382,2.08804945337069,0.00322302905897395,0.150815611938815
AZD7762_1402,1.36205266553106e-05,4.49974705436555,0.781532229534601,0.544222308831297,5.49311349725165e-05,0.522109272676219
AZD6094_1403,7.40031219800231e-11,6.87521453555682,25.9760477769873,22.1948706046613,5.53995587219831e-09,0.226955645421364
AZD4877_1409,0.0146236599234084,2.46562604242764,0.029612710857107,0.0252717976760335,0.0223620132995454,0.2286882740584
EphB4_9721_1413,0.01070954322049,2.57781229613985,10.8073783162958,9.42669759647608,0.0167965912902557,0.197192239522665
AZD8931_1416,0.000882031644066759,-3.37139087322027,6.52913593884368,7.78552386669557,0.00183923643961648,-0.253902038410756
FEN1_3940_1419,2.13850617176411e-05,4.37950224713982,9.11572923476775,7.66982768170666,8.00848739834111e-05,0.249163907742658
BPTES_1425,7.15458636695167e-06,4.61835192083494,49.1100347226398,42.4269194621351,3.20211365447715e-05,0.211037911482654
AZD7969_1426,0.000147205152632602,3.87060884764714,11.0154349612644,9.28428609789502,0.00039433789062894,0.24666357764482
IGFR_3801_1430,3.11002736393989e-07,5.28053997719765,0.965542252753914,0.910115054953278,2.28276008513188e-06,0.0852904543190832
JAK1_3715_1433,4.47712524332603e-05,4.17812297368579,84.4896304770749,75.5223807424757,0.00014802747426132,0.16187004395261
JAK3_7406_1434,0.000419933410764236,3.59240872061161,30.7915887568855,26.94182929163,0.000957239513978104,0.192688498210612
AZD2014_1441,0.000854985377692004,3.38051872759805,1.02627145410409,0.815675366054231,0.00179302647778837,0.331345394224787
AZD8186_1444,1.07874696217104e-09,6.45535632645353,7.90665226811151,6.21383410404051,3.39586437800749e-08,0.347583251676037
AZD8835_1445,2.77439460925313e-05,4.29843247245342,14.6025138722426,14.1508119253053,0.00010081216055405,0.0453319229750106
PI3Ka_4409_1446,2.52201335596843e-05,4.31138797118428,13.4622428308072,10.850149047304,9.25578901640415e-05,0.311203924283818
AZD1208_1449,0.0350444944406719,2.12165265053383,35.7364489622108,33.0631985602047,0.0489023933829909,0.112169985804729
RAF_9304_1453,8.1621152337645e-06,4.58936004486126,11.9099767081151,9.45398893751158,3.56606701284711e-05,0.333175510126053
PARP_9495_1458,0.00848535503481307,2.6587742360909,6.62385510900692,5.80587757070036,0.0134944595574405,0.190156965513447
PARP_0108_1459,7.53187026640039e-05,4.05188986584521,1.84181757187443,1.25376581126864,0.00022657347440729,0.554862277808924
PARP_9482_1460,0.000725205496828411,3.43466799347955,1.30258255876246,0.858297305737292,0.00157770509888002,0.601825439840527
AZD1332_1463,0.00246301936304867,3.06786945704922,8.11545701256432,7.30568104004627,0.00446868522632712,0.151653572551424
SN.38_1490,5.23906574694982e-06,4.71320452827448,0.0235021997100153,0.0149143382179444,2.4970612066631e-05,0.656095829945251
SN.38_1494,7.37451103691288e-05,4.0668008807527,0.020626006651796,0.014158575235733,0.000223673185995622,0.542788436112286
Olaparib_1495,0.0294791607492488,2.19247940364199,44.7976021302607,40.119798880487,0.0422611406053683,0.15910713780743
Cisplatin_1496,0.0120554688806621,2.53650770186464,7.78018167810699,7.05862547117508,0.0187472757593347,0.140416570256844
AZD4547_1497,3.71461914851125e-06,4.74678411740803,9.08335881135125,7.89868907352809,1.89342392708837e-05,0.20161263817023
Selumetinib_1498,0.00237971976892825,3.09008612496129,9.24780062647313,7.25915536313296,0.00436678577598333,0.349308601448318
Bicalutamide_1502,1.38423526545286e-05,4.4544844218446,89.3062720703983,81.8295842197227,5.52189502631739e-05,0.126138979307021
Refametinib_1526,0.00918957611348764,2.63927025390924,8.45843988846905,6.82279645230698,0.0144745683847638,0.310028414577224
Pictilisib_1527,1.41118991868935e-05,4.4835672934698,2.71694504612411,2.15777369739176,5.53597142783685e-05,0.332441819358724
Pevonedistat_1529,0.0317221210059669,2.16386434627003,1.35753046827698,1.20630075524002,0.0452996825260306,0.170394932881117
PFI.3_1530,6.84627853660566e-06,4.62102676178885,105.722063513577,95.2820229259917,3.10195583078306e-05,0.15000054090504
